ì•„ì´ë””,ëŒ“ê¸€,ì‹œê°„
owhc_ap,"ğŸ”¥ğ¸ğ’±ğ¸ğ’©ğ’¯
ë‚œ ë©”íƒ€ë²„ìŠ¤ì—ì„œ ì¸ì¦ì‚¬ì§„ ì°ê³ 
ì„ ë¬¼ë„ ë°›ëŠ”ë‹¤ ã€°ï¸ğŸ˜‰

ê²½ì£¼ì‹œ OWHC-APì—ì„œ ê°œë°œí•œ ë©”íƒ€ë²„ìŠ¤ì—ì„œ
ì¸ì¦ì‚¬ì§„ ì°ê³  ì¹˜í‚¨, ì¼€ì´í¬ì™€ í•¨ê»˜
ì¦ê±°ìš´ ì—°ë§ ë³´ë‚´ì„¸ìš” ã€°ï¸ğŸ„âœ¨

âœ…ì´ë²¤íŠ¸ ê¸°ê°„
22.12.01.(ëª©)~ 22.12.14.(ìˆ˜)

âœ… ì°¸ì—¬ë°©ë²•
â‘  owhc_ap ê³„ì • í”„ë¡œí•„ ë§í¬ë¥¼ í†µí•´ ë©”íƒ€ë²„ìŠ¤ ì…ì¥!
â‘¡ ë©”íƒ€ë²„ìŠ¤ ì† ë‚´ ìºë¦­í„°ë¥¼ ìº¡ì³í•˜ê³  SNSì— ì‚¬ì§„ ì—…ë¡œë“œ!
â‘¢ ì°¸ì—¬ ì™„ë£Œ ëŒ“ê¸€ ë‚¨ê¸°ê¸°!

ğŸ”¥ì ê¹!
ë©”íƒ€ë²„ìŠ¤ ìš°ì²´í†µì—ì„œ ë°©ëª…ë¡ì„ ì‘ì„±í•˜ë©´
ë‹¹ì²¨ í™•ë¥  ğ“¤ğ“Ÿ ğ“¤ğ“Ÿ â€¼ï¸

âœ… ë‹¹ì²¨ì ë°œí‘œ
22.12.16.(ê¸ˆ)",2022-12-01 06:55:47+00:00
cathero6025,ğŸ‘,2022-12-05 15:47:51+00:00
nayoung2again,ì°¸ì—¬ì™„ë£Œ https://www.instagram.com/p/Clyq_eOphbH/?igshid=YmMyMTA2M2Y= ìš°ë¦¬í•¨ê»˜í•´ìš”â¤ï¸â¤ï¸â¤ï¸ @polarsnow93 @rout.a2018,2022-12-13 19:58:43+00:00
eh2ywuwi,"ì°¸ì—¬ì™„ë£Œ ğŸ¥°
https://www.facebook.com/nayoungagain/posts/pfbid02EeqZZ4AvsPm5LBGzhdYgCYjwF4ZzKcAZP4nbjzGtM6pjAWY6ZBtrX4zjhkVyTkarl",2022-12-11 11:21:02+00:00
haeuninini_,ì°¸ì—¬ì™„ë£Œ https://www.instagram.com/p/CmBpg3BOUjQ/?igshid=YmMyMTA2M2Y=,2022-12-01 07:06:45+00:00
1004ansun,ì°¸ì—¬í–ˆìŠµë‹ˆë‹¤!!! ì—°ë§ì— ì¹˜í‚¨ ë¨¹ê³ íŒŒìš” ã… ã… ã… ã…œ,2022-12-01 10:19:59+00:00
hwaye0n_,ì°¸ì—¬ ì™„ë£Œ,2022-12-01 07:39:27+00:00
nbl2a,ê²½ì£¼ì‹œ ë¡œê³  ì•ì—ì„œ í•œì»·ğŸ“·âœ¨ ì°¸ì—¬ ì™„ë£Œí–ˆìŠµë‹ˆë‹¤~~,2022-12-01 07:06:44+00:00
clear_worldview,ì°¸ì—¬ ì™„ë£Œ! ë©”íƒ€ë²„ìŠ¤ ì•Œìˆ˜ë¡ ì‹ ê¸°í•˜ë„¤ì—¬,2022-12-01 07:45:16+00:00
bom2what,ì°¸ì—¬ì™„ë£Œ! ì—°ë§ì— ê°€ì¡±ë“¤ì´ë‘ ë„ë€ë„ë€ ì•‰ì•„ ì¹˜í‚¨ë¨¹êµ¬ ì‹¶ì–´ìš”,2022-12-01 10:14:27+00:00
meangmiseon,ì°¸ì—¬ ì™„ë£Œ!,2022-12-01 08:48:13+00:00
pearlson5432,https://www.instagram.com/p/ClnoGGNpe2e/?igshid=YmMyMTA2M2Y= ì°¸ì—¬ì™„ë£Œ ë°©ëª…ë¡ ì‘ì„± ì•ˆë˜ë„¤ìš” ã…œ,2022-12-01 07:15:08+00:00
wtwoboy,ì°¸ì—¬ì™„ë£Œ ^^,2022-12-01 10:19:24+00:00
yspark23,ì°¸ì—¬ ì™„ë£Œ,2022-12-01 07:05:21+00:00
waeha_mama,ì°¸ì—¬ì™„ë£Œ!!! ë©”íƒ€ë²„ìŠ¤ ë„ˆë¬´ ë©‹ì§€ë„¤ìš”,2022-12-01 10:12:47+00:00
spartakim,ì°¸ì—¬ ì™„ë£Œ,2022-12-01 14:57:45+00:00
wanjms,ì°¸ì—¬ì™„ë£Œ ğŸ”¥,2022-12-01 10:11:10+00:00
olie.36,ì°¸ì—¬ ì™„ë£Œ https://www.instagram.com/p/Clnxl0fJ6CV/?igshid=YmMyMTA2M2Y=,2022-12-07 03:47:41+00:00
hyunssuk.e,ì°¸ì—¬ì™„ë£Œ í–ˆì–´ìš”~~^^,2022-12-05 02:07:32+00:00
dayby.day2022,ğŸ™†â€â™€ï¸ ì°¸ì—¬ì™„ë£Œ â˜‘ï¸,2022-12-02 10:35:30+00:00
hojin.mom,ì°¸ì—¬ì™„ë£Œâ¤ï¸,2022-12-01 07:47:58+00:00
gimhyeonju451,ì°¸ì—¬ì™„ë£ŒğŸ˜ https://www.instagram.com/p/ClnhM6rpxjo/?igshid=YmMyMTA2M2Y=,2022-12-06 06:29:57+00:00
peachlike1004,ì°¸ì—¬ì™„ë£Œ,2022-12-07 21:58:58+00:00
ggggtt992,"https://www.instagram.com/p/Cl4fT-JhjFh/?igshid=YmMyMTA2M2Y= ì°¸ì—¬ ì™„ë£ŒğŸ™ŒğŸ˜ğŸ˜@owhc_ap
#ì„¸ê³„ìœ ì‚°ë„ì‹œê¸°êµ¬ #ì„¸ê³„ìœ ì‚°ë„ì‹œê¸°êµ¬ë©”íƒ€ë²„ìŠ¤
ë°©ëª…ë¡ ì‘ì„± ì™„ë£ŒğŸ«¶ğŸ«¶
ì„¸ê³„ìœ ì‚°ë„ì‹œê¸°êµ¬ ë©”íƒ€ë²„ìŠ¤ ì˜ ë‘˜ëŸ¬ë³´ê³  ì™”ì–´ìš”~ ìœ ëª… ì„¸ê³„ìœ ì‚°ì„ ë©”íƒ€ë²„ìŠ¤ë¼ëŠ” ê°€ìƒì˜ ê³µê°„ì—ì„œ ìƒìƒí•˜ê²Œ ê´€ëŒí•  ìˆ˜ ìˆì–´ ì¢‹ìŠµë‹ˆë‹¤! @jeongjinbaeg2 @ddangkong154",2022-12-02 11:27:25+00:00
shatory_4411,ì°¸ì—¬ì™„ë£Œ! ì¬ë°Œì–´ìš”,2022-12-07 12:03:55+00:00
jangjeongug921,ì°¸ì—¬ì™„ë£Œâ¤ï¸â¤ï¸â¤ï¸,2022-12-05 12:35:46+00:00
ooozx_oo,ì°¸ì—¬ì˜¤ë‚˜ë£Œ,2022-12-05 06:45:57+00:00
zxcw733,ì°¸ì—¬ì™„ë£ŒğŸ’› ë„ˆë¬´ ì¬ë°Œì–´ìš”(*â€¢Ì€á´—â€¢Ì*)Ùˆ Ì‘Ì‘,2022-12-11 11:48:40+00:00
ccctwq,ì°¸ì—¬ì™„ë£Œ~,2022-12-02 11:24:39+00:00
2020.09.10,ì°¸ì—¬ì™„ë£Œ,2022-12-11 07:09:27+00:00
an_gyeongjun,ì°¸ì—¬ì™„ë£Œ ! ğŸ”¥,2022-12-08 14:12:52+00:00
seankim_quattro,ì°¸ì—¬ì™„ë£Œ,2022-12-05 09:45:02+00:00
82dengo,ì°¸ì—¬ì™„ë£Œ,2022-12-05 06:39:13+00:00
hmmn559,ì°¸ì—¬ì™„ë£Œ ì¬ë°Œë„¤ìš”,2022-12-04 03:00:14+00:00
jelli_jelly_,ì°¸ì—¬ì™„ë£Œ ğŸ™ŒğŸ”¥â¤ï¸,2022-12-04 07:37:31+00:00
alswl005,ì°¸ì—¬ì™„ë£ŒğŸ’›,2022-12-01 16:37:58+00:00
moonyoung8692,"âœ”ï¸ê²½ì£¼ì‹œ OWHC-AP ë©”íƒ€ë²„ìŠ¤ ì† ë‚´ ìºë¦­í„°ë¥¼ ìº¡ì³ ë° SNSì— ì‚¬ì§„ ì—…ë¡œë“œ ì°¸ì—¬ì™„ë£Œâ—
â©ë°©ë¬¸ ì¸ì¦ìƒ· ì—…ë¡œë“œí•œ URL : https://blog.naver.com/alswl1157/222943720445",2022-12-05 08:17:33+00:00
ju3390,ì°¸ì—¬ì™„ë£Œ,2022-12-03 23:22:21+00:00
dchjs,ë°©ëª…ë¡ì‘ì„±ê¹Œì§€â¤ì°¸ì—¬ì™„ë£Œ,2022-12-13 13:04:24+00:00
charisma0219,ì°¸ì—¬ì™„ë£Œâ¤ï¸,2022-12-05 02:35:04+00:00
apptech_master,ì°¸ì—¬ì™„ë£Œ í–ˆì–´ìš”~,2022-12-08 06:20:21+00:00
daylover3_3,ì°¸ì—¬ì™„ë£Œ,2022-12-04 14:31:25+00:00
snow_ing11,ì°¸ì—¬ì™„ë£Œí–ˆìŠµë‹ˆë‹¤ğŸ”¥ğŸ”¥,2022-12-04 05:10:19+00:00
once_again23,ì°¸ì—¬ì™„ë£Œ,2022-12-04 05:09:53+00:00
winter_freesia1,ì°¸ì—¬ì™„ë£Œ,2022-12-08 18:04:35+00:00
303030kks,ì°¸ì—¬ì™„ë£Œ,2022-12-08 03:20:17+00:00
meta._.uzu,ì°¸ì—¬ì™„ë£Œ,2022-12-12 15:23:29+00:00
seoyonghun9600,ì°¸ì—¬ì™„ë£Œ!,2022-12-12 05:41:19+00:00
2soone_mom,ì°¸ì—¬ì™„ë£Œâ¤ï¸,2022-12-13 19:11:12+00:00
wkfwl.sosi,ì°¸ì—¬ì™„ë£Œ https://www.instagram.com/p/CmHnHnVBOWQ/?hl=ko ì •ë§ ë©‹ì§„ ë©”íƒ€ë²„ìŠ¤ì˜€ì–´ìš” ê³„ì† ë°©ë¬¸í•˜ë ¤êµ¬ìš”!! ë°©ëª…ë¡ë„ ë‚¨ê²¼ì–´ìš”,2022-12-07 07:47:04+00:00
shiningstar1234789,â¤ï¸â¤ï¸ ì°¸ì—¬ì™„ë£Œ í–ˆì–´ìš” â¤ï¸â¤ï¸,2022-12-10 07:27:18+00:00
gsdu2019,ì°¸ì—¬ì™„ë£Œ,2022-12-10 07:34:05+00:00
aldytl1213,ì°¸ì—¬ì™„ë£Œ,2022-12-01 07:26:21+00:00
s_hyo1296,ì°¸ì—¬ì™„ë£Œ ğŸ˜ https://www.instagram.com/p/ClneiQ6Sk7_/?igshid=YmMyMTA2M2Y=,2022-12-06 05:37:50+00:00
gej25852020,ì°¸ì—¬ì™„ë£Œâ¤ï¸,2022-12-10 07:33:18+00:00
_hohofriend_,ì°¸ì—¬ì™„ë£Œ,2022-12-12 19:02:04+00:00
_happyday_1004,ì°¸ì—¬ì™„ë£Œâ¤ï¸ https://www.instagram.com/p/CmFCrkgyDgv/?igshid=YmMyMTA2M2Y=,2022-12-03 14:15:40+00:00
t0_028,ë°©ëª…ë¡ê¹Œì§€ ì°¸ì—¬ì™„ë£Œ!!'ìš°ë‹',2022-12-01 12:13:14+00:00
arrrrrj13,"ì°¸ì—¬í•©ë‹ˆë‹¤

https://www.instagram.com/p/Cln_kmFJSka/?igshid=YmMyMTA2M2Y=",2022-12-09 09:03:53+00:00
raiblu27,ì°¸ì—¬ì™„ë£Œ,2022-12-04 04:57:53+00:00
ghq_86,ì°¸ì—¬ì™„ë£Œ,2022-12-14 00:37:01+00:00
memame_89,ì°¸ì—¬ì™„ë£Œ,2022-12-09 01:47:21+00:00
boyeon155,ì°¸ì—¬ì™„ë£Œâ¤ï¸â¤ï¸https://www.instagram.com/p/Cl7eST4vnVG/?igshid=YmMyMTA2M2Y=,2022-12-03 14:15:46+00:00
uulsy6,ì°¸ì—¬ì™„ë£Œ,2022-12-11 10:22:58+00:00
kjyyohaeng,ì°¸ì—¬ì™„ë£Œ https://www.instagram.com/p/CmBi5onPC6k/?utm_source=ig_web_copy_link,2022-12-07 04:25:25+00:00
janippst,ì°¸ì—¬ ì™„ë£Œ,2022-12-05 02:48:06+00:00
rangfog,ì°¸ì—¬ì™„ë£Œ,2022-12-12 02:24:21+00:00
kaniest1989,ì°¸ì—¬ì™„ë£Œ,2022-12-05 08:50:13+00:00
real_aemon_,ì°¸ì—¬ì™„ë£Œí•©ë‹ˆë‹¤ https://www.instagram.com/p/Clx7fulLwrL/,2022-12-04 03:06:36+00:00
ssonga1015,â¤ï¸â¤ï¸â¤ï¸â¤ï¸ì°¸ì—¬ì™„ë£Œ https://www.instagram.com/p/CluvYSGJCov/?igshid=YmMyMTA2M2Y=â¤ï¸â¤ï¸â¤ï¸,2022-12-12 07:42:08+00:00
gimhyeonju451,"ì°¸ì—¬ì™„ë£Œ ğŸ™‚
ì„¸ê³„ìœ ì‚°ì„ ë©”íƒ€ë²„ìŠ¤ë¡œ ë§Œë‚  ìˆ˜ ìˆì–´ ìœ ìµí•˜ê³  í¥ë¯¸ë¡œì› ì–´ìš”! í‰ì†Œ ëª°ëë˜ ì„¸ê³„ìœ ì‚°ì— ëŒ€í•´ì„œë„ ê´€ì‹¬ì„ ê°€ì§€ëŠ” ê¸°íšŒê°€ ë˜ì—ˆìŠµë‹ˆë‹¤ ğŸ’—
ë°©ëª…ë¡ ì‘ì„± ì™„ë£Œ!
https://www.instagram.com/p/CmD1RPBJB9y/",2022-12-06 06:31:27+00:00
88ee._.merry,ì°¸ì—¬ì™„ë£Œ https://www.instagram.com/p/Cl0QG4nL3RF/?igshid=MTg0ZDhmNDA=,2022-12-08 03:51:35+00:00
ksekselove,ì°¸ì—¬ì™„ë£Œ,2022-12-13 07:37:55+00:00
coffee_uuu12,"ì°¸ì—¬ì™„ë£Œ
https://www.instagram.com/p/CmGZnmhpEUi/
ì„¸ê³„ìœ ì‚°ë„ì‹œê¸°êµ¬ ë©”íƒ€ë²„ìŠ¤ì—ì„œ ì„¸ê³„ìœ ì‚°ì„ ìƒìƒí•˜ê²Œ ë§Œë‚˜ë³¼ ìˆ˜ ìˆì–´ í¥ë¯¸ë¡œì› ê³ , ì„¸ê³„ìœ ì‚°ì— ëŒ€í•œ ì§€ì‹ì„ ìŒ“ì„ ìˆ˜ ìˆì–´ ìœ ìµí–ˆìŠµë‹ˆë‹¤ ğŸ’˜",2022-12-13 10:31:04+00:00
zer0_o_study,ì°¸ì—¬ì™„ë£Œâ¤ï¸,2022-12-08 16:36:59+00:00
imhaein70,ì°¸ì—¬ì™„ë£ŒğŸ”¥ https://www.instagram.com/p/Cl6fQbBPNty/?igshid=YmMyMTA2M2Y=,2022-12-06 22:45:33+00:00
godminju88,ì°¸ì—¬ì™„ë£Œ. https://www.instagram.com/p/Cl1_1pIPYpg/?igshid=YmMyMTA2M2Y=,2022-12-05 18:11:35+00:00
hansejong33,ì°¸ì—¬ì™„ë£Œâ¤ï¸,2022-12-07 09:28:22+00:00
an_gyeongjun,ì°¸ì—¬ì™„ë£Œ,2022-12-06 13:03:12+00:00
bbolguri,https://www.instagram.com/p/Cl05a8LPpEF/?utm_source=ig_web_copy_link ì°¸ì—¬ì™„ë£Œ ^^,2022-12-05 12:26:54+00:00
skylake_travel,ì°¸ì—¬ì™„ë£Œ https://www.instagram.com/p/ClyUB2VJFjk/?igshid=YmMyMTA2M2Y=,2022-12-01 07:54:18+00:00
olivia_kim02,ì°¸ì—¬ì™„ë£Œ ğŸ”¥ @pioniaflower @shm3259.in @sytwinkle14 @h.he0k @lovely_suyeon21 @artemis22love,2022-12-01 07:53:04+00:00
qweqwe_0923,"ì°¸ì—¬ì™„ë£Œ https://www.instagram.com/p/Clnhw0xpirk/?igshid=YmMyMTA2M2Y= @__sena.kim
@jsh0324
@ssongi_23
@hayun0413",2022-12-01 11:01:42+00:00
flyj053,"ì°¸ì—¬ì™„ë£Œ https://www.instagram.com/p/Cln3Vd5JtWB/?igshid=YmMyMTA2M2Y= @__sena.kim
@ssongi_23
@hayun0413",2022-12-07 04:49:08+00:00
yunjongin94,"ì°¸ì—¬ì™„ë£Œ! ì¬ë°ŒëŠ” ê²½ì£¼ì‹œ OWHC-APì—ì„œ ê°œë°œí•œ ë©”íƒ€ë²„ìŠ¤ì—ì„œ ì¸ì¦ì‚¬ì§„ ì°ê³  ë†€ì•„ìš”ã€°ï¸ğŸ˜‰
ì„¸ê³„ìœ ì‚°ë„ì‹œê¸°êµ¬ ì•„íƒœì§€ì—­ì‚¬ë¬´ì†Œ ì‘ì›í•´ìš”~ @happyjoalove",2022-12-06 06:55:50+00:00
yjrpark4452,#ì°¸ì—¬ì™„ë£ŒğŸ˜‰ #ì—…ë¡œë“œì™„ë£ŒğŸ˜‰ https://www.instagram.com/p/Cl0TJsJr2PI/?utm_source=ig_web_copy_link ë©”íƒ€ë²„ìŠ¤ ìš°ì²´í†µì—ì„œ ë°©ëª…ë¡ì€ ë¹„í™œì„±í™” ë˜ì–´ìˆë„¤ìš”!! ê·¸ë˜ë„ ë„ˆë¬´ ì•„ë¦„ë‹¤ìš´ ì„¸ê³„ë¬¸í™”ìœ ì‚°ë“¤ ì˜ ë³´ì•˜ìŠµë‹ˆë‹¤ğŸ”¥ğŸ”¥ #íŒ”ë¡œìš°ì™„ë£Œ @jookm991 @cjuum12 @mm_soyen @yunjongin85 ğŸ¥°ğŸ˜˜ğŸ˜†ğŸ˜ŠğŸ˜‡ğŸ˜šğŸ˜™ğŸ¤—ğŸ¤—,2022-12-01 09:43:09+00:00
ddangkong154,ì°¸ì—¬ì™„ë£Œ @iamtonywife @hellohulryung https://www.instagram.com/p/ClnuYO6PJ-_/,2022-12-06 02:51:07+00:00
eunok.1216,https://www.instagram.com/p/Clz3CvyJTRP/?igshid=YmMyMTA2M2Y= ğŸ˜ğŸ˜ ì°¸ì—¬ì™„ë£Œâ¤ï¸ #ì„¸ê³„ìœ ì‚°ë„ì‹œê¸°êµ¬ #ì„¸ê³„ìœ ì‚°ë„ì‹œê¸°êµ¬ì•„íƒœì§€ì—­ì‚¬ë¬´ì²˜ #ì„¸ê³„ìœ ì‚°ë„ì‹œê¸°êµ¬ë©”íƒ€ë²„ìŠ¤ ë°©ëª…ë¡ ì‘ì„± ì™„ë£Œ!! ì¢‹ì€ ì´ë²¤íŠ¸ ê°ì‚¬í•©ë‹ˆë‹¤â¤ï¸â¤ï¸ @moun_s9 @peachlike1004 @dressy4918 @cshoon3136 @hanyumi777 @taeng.e.taeng.e,2022-12-12 23:43:55+00:00
yoom_yoom_yoom,"âœ… ì¸ì¹œë‹˜ë“¤ë„ í•¨ê»˜ ì°¸ì—¬í•´ìš”~â™¡
ğŸ’› @kimarazzang_
ğŸ’› @dressy4918
ğŸ’› @dall2940
ğŸ’› @ddangkong154
ğŸ’› @pooh_100503
ğŸ’› @yunhui_4551
ğŸ’› @skdoak77       ğŸ’“ğŸ’“ğŸ’“",2022-12-11 15:25:56+00:00
asoen0310,https://www.instagram.com/p/CmCFaPxpAh6/?igshid=YmMyMTA2M2Y= ì°¸ì—¬ì™„ë£ŒğŸ˜ğŸ˜@vaho_0707 @eunjeong9208 @mi.yuui @suelee0704 @imeunhwa7821 @dprettyjb,2022-12-07 05:34:54+00:00
ummmsd.zpt,"ì°¸ì—¬ì™„ë£Œ
https://www.instagram.com/p/Cl2uu6vB7l6/
@kmr10907 @dnjsrb3496 @25chaeseo",2022-12-03 00:28:37+00:00
vivanice2140,ì°¸ì—¬ì™„ë£Œì…ë‹ˆë‹¤! https://www.instagram.com/p/Clr4hfHvfwe/?utm_source=ig_web_copy_link @ailyv2022,2022-12-13 18:45:48+00:00
eunok.1216,"ì°¸ì—¬ì™„ë£Œ / ë°©ëª…ë¡ë„ ë‚¨ê²¼ë‹µë‹ˆë‹¤ https://www.instagram.com/p/CmHl51TSI0Q/?hl=ko
@rainyday_lee @2soone_mom @soso2day2 ì–´ì„œ ì°¸ì—¬í•´!",2022-12-12 23:43:59+00:00
jelly__1216,"âœ… ì¸ì¹œë‹˜ë“¤ë„ í•¨ê»˜ ì°¸ì—¬í•´ìš”~â™¡
ğŸŒ¸ @jungmis_s 
ğŸŒ¸ @priapus1130 
ğŸŒ¸ @pwb_casa
ğŸŒ¸ @nymphe_83 
ğŸŒ¸ @leejiyoung1007 
ğŸŒ¸ @kimgyojin777
ğŸŒ¸ @gimjiseon617       ğŸ’“ğŸ’“ğŸ’“",2022-12-13 12:47:43+00:00
eunok.1216,"ğŸ’—ğŸ’“ğŸ’—  #ì„¸ê³„ìœ ì‚°ë„ì‹œê¸°êµ¬ âœ” ì°¸ì—¬ì™„ë£Œ â˜‘ ì‚¬ì§„ ì—…ë¡œë“œì™„ë£Œ â†’ https://www.instagram.com/p/CmG8xu2Jnnb/?igshid=YmMyMTA2M2Y= â™¡ í•¨ê»˜ ì°¸ì—¬í•´ìš”~  ğŸ’—ğŸ’“ğŸ’—  
â˜‘íŒ”ë¡œìš°ì™„ë£Œ â˜‘ì¹œêµ¬ì†Œí™˜ì™„ë£Œ â˜‘ì¢‹ì•„ìš”ì™„ë£Œ 
ì–¸ì œë‚˜ ìœ ìµí•œ ì •ë³´, ë³¼ê±°ë¦¬ ë§ì€ ê²Œì‹œë¬¼ ê°ì‚¬ë“œë¦½ë‹ˆë‹¤~â™¡
í–‰ë³µí•œì¼ë§Œ ê°€ë“í•˜ì‹œê³  ëŒ€ë°•ë‚˜ì„¸ìš”~~~ğŸ’™
@skdoak77 @hyeyo83 @gimbognam46 @jaeeun3377 @priapus1130 @ddangkong154 @taeng.e.taeng.e @taejin.jeon.18  @gimjiseon617",2022-12-12 23:43:46+00:00
jgh8777,"ğŸ’ŸğŸ’›ğŸ’“ğŸ’›  #ì„¸ê³„ìœ ì‚°ë„ì‹œê¸°êµ¬ ğŸ‘‰ ì°¸ì—¬ì™„ë£Œ âœ…ë°©ëª…ë¡ ì‘ì„±ì™„ë£Œ âœ…ì—…ë¡œë“œì™„ë£Œ â†’ ì²˜ìŒì—” ìµìˆ™ì¹˜ì•Šì•„ ì´ê²Œë­”ê°€....ì‹¶ì—ˆëŠ”ë°~ ëª‡ë²™ ë“¤ë½ë‚ ë½ í•´ë³´ë‹ˆ ì´ê±° ê½¤ ì¬ë¯¸ìˆê³  ë©‹ì§€ë„¤ìš”~~!! â™¡ í•¨ê»˜ ì°¸ì—¬í•´ìš”~  ğŸ’›ğŸ’“ğŸ’›ğŸ’Ÿ 
https://www.instagram.com/p/CmFg08VhAg-/?igshid=YmMyMTA2M2Y=
https://www.instagram.com/p/CmFjHhSBzE1/?igshid=YmMyMTA2M2Y=
âœ…ì¹œêµ¬ì†Œí™˜ì™„ë£Œ
âœ…íŒ”ë¡œìš°ì™„ë£Œ 
âœ…ì¢‹ì•„ìš”ì™„ë£Œ  ğŸ€ğŸ€
ë‹¤ì–‘í•˜ê³  ìœ ìµí•œ ì •ë³´ë“¤ê³¼ ì´ë²¤íŠ¸ì— ê°ì‚¬ë“œë¦½ë‹ˆë‹¤~ğŸŒ¸      
ì•ìœ¼ë¡œë„ ë§ì€ ì‚¬ë‘ ë°›ìœ¼ë©° ë²ˆì°½í•˜ì‹œê¸¸ ë°”ë„ê»˜ìš”~ ^^
í–‰ë³µí•œì¼ë§Œ ê°€ë“í•˜ì„¸ìš”~~~ğŸ’™
ğŸ’Ÿ @shin369999
ğŸ’Ÿ @gweongyeongsun39
ğŸ’Ÿ @sandy__0305
ğŸ’Ÿ @taeng.e.taeng.e
ğŸ’Ÿ @taejin.jeon.18 
ğŸ’Ÿ @2yu.emo______
ğŸ’Ÿ @zoakap2882 ğŸ‘ğŸ‘ğŸ‘",2022-12-08 03:22:37+00:00
taein_abeom,"ì°¸ì—¬ì™„ë£Œ~!! ì¢‹ì•„ìš”, íŒ”ë¡œìš° ì™„ë£Œ^^!! ì¸ì¦ìƒ· ë‚¨ê²¨ë´ìš”~~ https://www.instagram.com/p/Cl5EWXipMCT/?utm_source=ig_web_copy_link @ffaksdf @ujukuy55 @mikhail47qkh",2022-12-07 04:24:56+00:00
hyonga123,"ì°¸ì—¬ì™„ë£Œ
https://www.instagram.com/p/Cl2moykJN7x/

ë©”íƒ€ë²„ìŠ¤ ìš°ì²´í†µì—ì„œ ë°©ëª…ë¡ì„ ì‘ì„±í•˜ë©´ ë‹¹ì²¨ í™•ë¥  ğ“¤ğ“Ÿ

@sun2_midal @with20170814 @abnkorea @hanyoungdol í•¨ê»˜í•´ìš”",2022-12-09 16:51:15+00:00
dohwan8191,"https://www.instagram.com/p/Cl9FaTiBqHb/?igshid=YmMyMTA2M2Y= ì°¸ì—¬ì™„ë£Œ ìš°ë¦¬ í•¨ê»˜ í•˜ì~ì‰ğŸŒˆğŸ˜Š
@bvxzz7 @jeong_joo_1219
@sweetsunnyp_ @sap234__
@shing.a78 @mrkims86
@xlseohuexl @ihyeyeong966
@simeunhye43 @annyeong5617",2022-12-13 03:04:09+00:00
sandy__0305,ì°¸ì—¬ì™„ë£Œ https://www.instagram.com/p/CmF6Ox1JyvA/?igshid=YmMyMTA2M2Y= #ì„¸ê³„ìœ ì‚°ë„ì‹œ #ë©”íƒ€ë²„ìŠ¤ @eueijddn @myou0813 @soms.i,2022-12-12 23:46:14+00:00
horimuni,"#ì„¸ê³„ìœ ì‚°ë„ì‹œê¸°êµ¬ â© ì°¸ì—¬ì™„ë£Œ â†’ ë°©ëª…ë¡ë„ ì‘ì„±í–ˆì–´ìš”~ ë„ˆë¬´ ì‹ ê¸°í•˜ê³  ë©‹ì§„ê³³ì´ ì”ëœ©ìˆì–´ìš”!! âœ…ìºë¦­í„° ìº¡ì³ ì—…ë¡œë“œ ì™„ë£Œ ğŸ‘‰ https://www.instagram.com/p/CmFh9O3Bd_l/?igshid=YmMyMTA2M2Y= ğŸ’œ https://www.instagram.com/p/CmFiIFsBUr9/?igshid=YmMyMTA2M2Y= âœ…íŒ”ë¡œìš°ì™„ë£Œ â˜‘ì¢‹ì•„ìš”ì™„ë£Œ â˜‘ì¹œêµ¬ì†Œí™˜ì™„ë£Œ
ë‹¤ì–‘í•˜ê³  ìœ ìµí•œ ì •ë³´ ì˜ë³´ê³ ìˆìŠµë‹ˆë‹¤~
ë”ìš± í° ì‚¬ë‘ ë°›ìœ¼ì‹œë©° ë²ˆì°½í•˜ì‹œê¸¸ ë°”ëë‹ˆë‹¤~ğŸ’—ğŸ’™ğŸ’—
@taeng.e.taeng.e @taejin.jeon.18
@leejiyoung1007 @hjd8366 @yunhui_4551 @munbong84 @skdoak77 @gimjiseon617 @priapus1130 @jelly__1216",2022-12-04 05:09:03+00:00
eunj999,ì°¸ì—¬ì™„ë£Œ,2022-12-08 05:59:46+00:00
songgolds,https://www.instagram.com/p/Cl5WHzKpjr9/?igshid=YmMyMTA2M2Y= ì°¸ì—¬ì™„ë£Œ ë°©ëª…ë¡ í™œì„±í™”ê°€ ì•ˆë˜ìš”ğŸ˜¢ğŸ˜¢ğŸ˜¢ @jje0082 @youm4177,2022-12-03 14:21:29+00:00
_happyday_1004,ì°¸ì—¬ì™„ë£Œ â¤ï¸ https://www.instagram.com/p/CltW6IsvoCp/?utm_source=ig_web_copy_link ğŸ§¡ğŸ’›ğŸ’šğŸ’™ğŸ’œ @sundew4004 @choi.zzhang @jsch610 @smjjdh1225 @gimjeongseon488 @jjjuu._.nim @syj_0728 @ssong2623,2022-12-09 04:46:25+00:00
lee.y.r80,https://www.instagram.com/p/CltXIwtJVEA/?igshid=YmMyMTA2M2Y= ì°¸ì—¬ì™„ë£Œâ¤ï¸,2022-12-12 12:10:33+00:00
jiji_love0117,#ì„¸ê³„ìœ ì‚°ë„ì‹œ #ë©”íƒ€ë²„ìŠ¤ ì •ë§ ì‹ ê¸°ë°©ê¸°í•œ ê²¸í—˜ì´ì˜€ì–´ìš” #ì„¸ê³„ìœ ì‚°ë„ì‹œë©”íƒ€ë²„ìŠ¤ ë°©ë¬¸ì„ í†µí•´ ì„¸ê³„ìœ ì‚°ì˜ê°€ì¹˜ë¥¼ ë„ë¦¬ ì•Œë¦¬ìˆ˜ ìˆëŠ” ê³„ê¸°ê°€ ë˜ì—ˆìœ¼ë©´ ì¢‹ê² ì–´ìš” *ìš°ì²´í†µ ë°©ëª…ë¡ ì™„ë£Œ*https://www.instagram.com/p/CmESsL3pQHl/?igshid=YmMyMTA2M2Y=,2022-12-05 12:19:42+00:00
dbflglm,ì°¸ì—¬ì™„ë£Œâ¤ï¸ https://www.instagram.com/p/ClySq-jplLv/?igshid=YmMyMTA2M2Y=,2022-12-05 08:27:40+00:00
aspen100_,ì°¸ì—¬ì™„ë£Œ https://www.instagram.com/p/Clx455dyxRu/?utm_source=ig_web_copy_link,2022-12-07 00:43:50+00:00
moel505,ë©”íƒ€ë²„ìŠ¤ ì…ì¥í•˜ê³  ìºë¦­í„°ë„ ë§Œë“¤ê³  ì°¸ì—¬ ì™„ë£Œ í•©ë‹ˆë‹¤.,2022-12-12 22:13:00+00:00
flower_love_0115,"ì°¸ì—¬ ì™„ë£Œ
https://www.instagram.com/p/CmFY7AbyIsr/
ë°©ëª…ë¡ë„ ì¼ì–´ìš” ğŸµ
@petio007 @yunadage @ieunju8067 @jhk8006 @soonsu85 @mtower99
@yunmigyeong63 @kji415",2022-12-05 11:58:11+00:00
neoburish,ì°¸ì—¬ì™„ë£ŒğŸ™Œ https://www.instagram.com/p/ClyOoyqpIhz/?igshid=YmMyMTA2M2Y=,2022-12-08 06:19:23+00:00
coni0600,ì°¸ì—¬ì™„ë£Œ,2022-12-13 09:19:56+00:00
kjk841209114,ì°¸ì—¬ì™„ë£Œ ì•„ì´ê°€ ì¬ë¯¸ìˆì–´í•˜ë„¤ìš”. https://www.instagram.com/p/CmGlA8hpNPL/?igshid=YmMyMTA2M2Y=,2022-12-13 08:46:21+00:00
sundew4004,"https://www.instagram.com/p/CmGhXJcJjf_/?utm_source=ig_web_copy_link
ì°¸ì—¬ ì™„ë£Œ í•©ë‹ˆë‹¤.",2022-12-08 03:38:49+00:00
chanchan102938,https://www.instagram.com/p/Cl5GO-3vWqR/?utm_source=ig_web_copy_link ì°¸ì—¬ì™„ë£Œ â¤ï¸â¤ï¸ ë©”íƒ€ë²„ìŠ¤ì•ˆì—ì„œ ë§Œë‚˜ëŠ” ê²½ì£¼ë„ ë„ˆë¬´ ë©‹ìˆì—ˆì–´ìš”! í•¨ê»˜í•´ìš”~@smjjdh1225 @gimjeongseon488 @songgolds @choi.zzhang @syj_0728 @jsch610 @jjjuu._.nim @ssong2623 @lyj9201232,2022-12-07 01:56:07+00:00
klopilp,ì°¸ì—¬ì™„ë£Œ!! https://www.instagram.com/p/Cl2VtQGBYBp/?utm_source=ig_web_copy_link,2022-12-05 09:54:53+00:00
hsun_84,ì°¸ì—¬ì™„ë£Œ ğŸ”¥ğŸ”¥ ë°©ëª…ë¡ë„ ì™„ë£ŒğŸ”¥ğŸ”¥ https://www.instagram.com/p/ClyCyEzP_u1475fyFUoQKWNm0HyjUYJy0RgwiE0/?igshid=YmMyMTA2M2Y=,2022-12-10 15:11:54+00:00
gimdonghwi590,ì°¸ì—¬ì™„ë£Œ https://www.instagram.com/p/Cl_fKaYJCn1/?igshid=YmMyMTA2M2Y=,2022-12-08 21:36:55+00:00
kyounq1011,ì°¸ì—¬ì™„ë£Œ https://www.instagram.com/p/Cl7Bj6eBygo/?utm_source=ig_web_copy_link,2022-12-05 06:58:29+00:00
zzxxzz_zzxxzzy,ì°¸ì—¬ì™„ë£Œhttps://instagram.com/owhc_ap?igshid=YmMyMTA2M2Y=,2022-12-05 02:00:52+00:00
dakr_angel,ì°¸ì—¬ì™„ë£Œí–ˆìŠµë‹ˆë‹¤!! ë©”íƒ€ë²„ìŠ¤ íŒŒì´íŒ…!ğŸ”¥,2022-12-12 19:36:00+00:00
sonny_side_up_s2,ì°¸ì•¼ì™„ë£Œ,2022-12-05 05:24:46+00:00
dltndus80730,ì°¸ì—¬ì™„ë£Œ!,2022-12-07 16:33:07+00:00
89091_j,ì°¸ì—¬ì™„ë£Œ,2022-12-13 16:46:46+00:00
seungilpark,ì°¸ì—¬ì™„ë£Œ â™¥ï¸ https://www.instagram.com/p/CmHYXgdJPSz/?igshid=YmMyMTA2M2Y=,2022-12-03 06:55:31+00:00
adajaxia,[ ì°¸ì—¬ì™„ë£Œ ] https://www.instagram.com/p/Clskx2KpyEM/?igshid=YmMyMTA2M2Y=,2022-12-06 13:02:54+00:00
hoho2hee,https://www.instagram.com/p/Cl09JgYhGPl/?igshid=YmMyMTA2M2Y= ì°¸ì—¬ì™„ë£Œ,2022-12-08 13:40:46+00:00
wanso_mom,ì°¸ì—¬ì™„ë£Œ https://www.instagram.com/p/Cl6LGg1Syti/?igshid=YmMyMTA2M2Y=,2022-12-03 16:20:43+00:00
samsampower_0711,https://www.instagram.com/p/CltleycJclt/?igshid=YmMyMTA2M2Y= ì°¸ì—¬ì™„ë£Œ,2022-12-05 12:38:09+00:00
mintyeon0113,ì°¸ì—¬ì™„ë£ŒğŸ˜ https://www.instagram.com/p/ClyVCu8JfzO/?igshid=YmMyMTA2M2Y=,2022-12-04 02:28:59+00:00
_obrang,ì°¸ì—¬ì™„ë£Œ!,2022-12-02 19:47:18+00:00
byunghuncho,ì°¸ì—¬ì™„ë£Œ https://twitter.com/lahilq/status/1598765646929854464?s=19,2022-12-11 09:47:42+00:00
gkdl12399,â¤ï¸â¤ï¸â¤ï¸ì°¸ì—¬ì™„ë£Œ â¤ï¸â¤ï¸â¤ï¸https://www.instagram.com/p/CmBe0ymJon7/?igshid=YmMyMTA2M2Y=â¤ï¸â¤ï¸â¤ï¸â¤ï¸ì§€ê¸ˆê°™ì´ì–´ë ¤ìš´ì‹œê¸°ì—í˜ë“œì‹¤í…ë°ë¶ˆêµ¬í•˜êµ¬íë§ì´ë˜ê³ í˜ì´ë˜ëŠ”ì¬ë°ŒëŠ”ì´ë²¤íŠ¸ê°ì‚¬ë“œë¦½ë‹ˆë‹¤ğŸ™ŒğŸ”¥ğŸ™ŒğŸ”¥ë•ë¶„ì—ì½”ë¡œë‚˜ë¡œì¸í•´ì§€ì¹˜ê³ í˜ë“ ë§ˆìŒì—í˜ì´ë˜ë„¤ìš”ğŸ˜ğŸ˜ğŸ˜ì•ìœ¼ë¡œë„ë‹¤ì–‘í•œì†Œì‹.ìœ ìµí•œì •ë³´.í™œë°œí•œì½˜í…ì¸ ë§ì´ë¶€íƒë“œë ¤ìš”ğŸ™Œì†Œë¹„ìë“¤ì˜ì‚¬ë‘ê³¼ë¯¿ìŒê³¼ì‹ ë¢°ë“¬ë¿ë°›ìœ¼ì´ê³ ë§ì€ì‚¬ë‘ê³¼ì„±ì›ë°›ìœ¼ì‹œê¸¸ê¸°ë„ë“œë¦¬ë©°ëŒ€ë°•ë‚˜ì‹œê³ ìŠ¹ìŠ¹ì¥êµ¬í•˜ì‹œê¸¸ê°„ì ˆíˆë°”ë˜ìš”â¤ï¸â¤ï¸â¤ï¸â¤ï¸ğŸ‘ğŸ‘ğŸ‘ğŸ‘ì½”ë¡œë‚˜ê°€ì¥ê¸°ê°„ìœ¼ë¡œì‰½ê²Œë§ˆë¬´ë¦¬ë˜ì§€ì•Šê³ ìˆê³ êµ­ë¯¼ë“¤ê³¼ì†Œìƒê³µì¸ë“¤ë¿ë§Œì•„ë‹ˆë¼ì‚¬ì—…ì¥ëª¨ë‘ì‚¬ëŠ”ê²Œë„ˆë¬´í˜ì´ë“œë„¤ìš”ğŸŒ·âš˜ï¸ğŸŒ·âš˜ï¸ğŸğŸğŸğŸğŸê³ ë‚œì´ì˜¤ë©´ë°˜ë“¯ì´ì¶•ë³µì´ì˜¬ê±°ë¼ë¯¿ìŠµë‹ˆë‹¤ì´ë ‡ê²Œì§€ì¹˜ê³ í˜ë“¤ë•Œë‚˜ë³´ë‹¤ì£¼ì˜ë¥¼ì‚´í´ë³´ê³ âš˜ï¸ğŸŒ·âš˜ï¸ğŸŒ¹ğŸŒ¹ğŸŒ·âš˜ï¸ğŸŒºğŸŒ»ğŸŒ¼ğŸ‡ğŸˆğŸğŸğŸ¥ğŸ«ğŸğŸ“ğŸ…ğŸ«ğŸ…ğŸ¥¥ğŸ§„ğŸ¥¥ğŸ§„ğŸ¥¥í˜ë“ ì‚¬ëŒì„ë„ì™€ì£¼ëŠ”ê²Œì§„ì •í•œì‚¶ì˜ì§„ë¦¬ì•„ë‹ê¹Œìš”?ğŸ‚ğŸ‚ğŸ‚ğŸ‚ğŸ‚ì´ì œëŠ”ë§ˆìŠ¤í¬ì“°ëŠ”ê²ƒë„ì§€ê²¹ê³ ë§ì´ì§€ì³ê°€ëŠ”ìš°ë¦¬ëŒ€í•œë¯¼êµ­êµ­ë¯¼ë“¤ì—ê²Œí˜ë‚´ë¼ğŸ¤©ğŸ˜ğŸ¥°ğŸ¤©ğŸ˜ğŸ¥°ğŸ¤©ğŸ˜ğŸ¥°ì™¸ì¹˜ê³ ì‹¶ë„¤ìš”ê°ˆìˆ˜ë¡í˜ë“¤ì–´ì§€ëŠ”ì‚¶ë¦¼ì‚´ì´.ğŸ’šğŸ’™ğŸ’œğŸ¤ğŸ–¤ğŸ’›ğŸ§¡â¤â¤ï¸â€ğŸ©¹â¤ï¸â€ğŸ”¥ì–´ì°Œëê±´ë¹„ê°€ì˜¤ë©´í–‡ë¹›ì´ë¹„ì¹˜ë“¯.ë°¤ì´ì§€ë‚˜ë©´ë‚®ì´ì˜¤ë“¯ì´ë°˜ë“¯ì´ì¢‹ì€ë‚ ì´ì˜¬ê²ƒì…ë‹ˆë‹¤ğŸŒğŸŒğŸŒğŸŒğŸŒŸğŸŒŸâ­ï¸â­ï¸ğŸŒˆğŸŒˆğŸŒˆğŸŒˆğŸŒˆì´ë ‡ê²Œí˜ë“ ì‹œê°„ì—ì´ë²¤íŠ¸ë¥¼í•´ì£¼ì‹œëŠ”ë°ì—ê°ì‚¬ë“œë¦¬ë©°ë”ìš±ë”ì†Œë¹„ìì˜ë¯¿ìŒê³¼ì‚¬ë‘.ì‹ ë¢°ë¥¼ë°›ëŠ”ê¸°ì—…ì´ë˜ì–´ì£¼ì‹œê¸¸ë°”ë˜ìš”í™”ì´íŒ….ğŸ†ğŸ†ğŸ†ğŸ†ğŸ†ğŸ„ğŸ„ğŸƒğŸƒğŸƒğŸŒğŸŒğŸŒğŸŒğŸŒ@rokmc3650ğŸŒğŸŒ @dada.7705ğŸŒ›ğŸŒ› @eunchan1417 @happyminjeong77ğŸŒœğŸŒœğŸŒœğŸŒœ @jihyehwang_jamie83ğŸŒ•ğŸŒ•ğŸŒ•ğŸŒ• ğŸŒŸğŸŒŸğŸŒŸğŸŒŸğŸŒŸ@woolove486 @chanwonlovelove â­ï¸â­ï¸,2022-12-07 08:26:16+00:00
lucky121216,"ì°¸ì—¬ì™„ë£ŒğŸ§¡ ë°©ëª…ë¡ë„ ì‘ì„±í–ˆì–´ìš”ğŸ™†â€â™‚ï¸ğŸ™†â€â™€ï¸
https://www.instagram.com/p/Cl3CUawJgMe/?igshid=YmMyMTA2M2Y=",2022-12-13 16:34:53+00:00
romanfly1972,"ì°¸ì—¬ì™„ë£Œ
https://www.instagram.com/p/CmHXEkIJ3L8/
ë©”íƒ€ë²„ìŠ¤ ê³µê°„ì—ì„œ ì„¸ê³„ìœ ì‚°ì— ëŒ€í•œ ì •ë³´ë¥¼ ì ‘í•˜ê³  ì„¸ê³„ìœ ì‚°ì˜ ê°€ì¹˜ë¥¼ ë°°ìš°ëŠ” ëœ»ê¹Šì€ ê¸°íšŒê°€ ë˜ì—ˆìŠµë‹ˆë‹¤ ğŸ‘",2022-12-03 00:22:11+00:00
puganom,"ì°¸ì—¬ì™„ë£Œâ¤ï¸ https://www.instagram.com/p/Clr3sbfPKBo/ ì—…ë¡œë“œì™„ë£Œ,ë°©ëª…ë¡ì‘ì„±ì™„ë£Œ",2022-12-06 18:03:59+00:00
elly_0754,ì°¸ì—¬ì™„ë£Œ https://www.instagram.com/p/Cl1frnlvXnb/?utm_source=ig_web_copy_link,2022-12-01 13:58:28+00:00
a_ye02,ì°¸ì—¬ì™„ë£ŒğŸ—º https://www.instagram.com/p/CloLdZbJ45d/?igshid=YmMyMTA2M2Y=,2022-12-04 07:07:11+00:00
jihyun3353,"ì°¸ì—¬ì™„ë£Œâ¤ï¸
https://www.instagram.com/p/ClvK2i-peNy/?igshid=YWJhMjlhZTc=",2022-12-05 08:07:25+00:00
seoulramblr,"ì°¸ì—¬ì™„ë£Œ
https://www.instagram.com/p/Clx2nCcyAJd/",2022-12-04 04:52:32+00:00
j_na1234,ì°¸ì—¬ì™„ë£Œ,2022-12-12 03:16:24+00:00
hyeri180516,ì°¸ì—¬ì™„ë£Œâ™¡,2022-12-05 14:17:08+00:00
gimsangin9804,ì°¸ì—¬ì™„ë£Œ https://www.instagram.com/p/ClygiNmJVst/?igshid=YmMyMTA2M2Y=,2022-12-11 01:45:32+00:00
gimgyeongbae22,"ì°¸ì—¬ì™„ë£Œ / ë°©ëª…ë¡ ì‘ì„±ì™„ë£Œ
https://www.instagram.com/p/CmAnr81SiNC/",2022-12-11 12:35:38+00:00
lol_yul,ì°¸ì—¬ì™„ë£Œ https://www.instagram.com/p/CmByESJLeYk/?igshid=YmMyMTA2M2Y=,2022-12-10 06:07:26+00:00
ssn77777,ì°¸ì—¬ì™„ë£Œ (https://www.instagram.com/p/Cl-g04qJFOZ/?igshid=YmMyMTA2M2Y=),2022-12-06 00:10:23+00:00
mismin76,ì°¸ì—¬ì™„ë£Œ,2022-12-04 09:34:12+00:00
gogo_nang,ì°¸ì—¬ì™„ë£Œ. https://www.instagram.com/p/Clvbrv2vj_7/?utm_source=ig_web_copy_link,2022-12-12 10:58:17+00:00
heeya.0422,"ì°¸ì—¬ì™„ë£Œ. ë©”íƒ€ë²„ìŠ¤ ìš°ì²´í†µ ë°©ëª…ë¡ë„ ì‘ì„±í–ˆì–´ìš”~ ì¬ë¯¸ìˆì—ˆì–´ìš”!
https://www.instagram.com/p/CmELlHVPKfP/",2022-12-10 13:50:13+00:00
mickystalker,ì°¸ì—¬ì™„ë£Œ! ğŸ˜Š https://www.instagram.com/p/Cl_Vyg5J5vS/?utm_source=ig_web_copy_link,2022-12-09 04:44:33+00:00
forever_if1982,"ì°¸ì—¬ì™„ë£Œ â¤ï¸
https://www.instagram.com/p/Cl7yeHPpOVi/",2022-12-10 09:21:05+00:00
goodsvehweh88,ì°¸ì—¬ì™„ë£Œ https://www.instagram.com/p/Cl-3AXAyFz4/?utm_source=ig_web_copy_link,2022-12-04 15:04:00+00:00
diagoldstar,ì°¸ì—¬ì™„ë£Œâ¤ï¸ https://www.instagram.com/p/ClwBYaipH2v/?igshid=YmMyMTA2M2Y=,2022-12-03 15:20:18+00:00
gongnamol,"ë©”íƒ€ë²„ìŠ¤ë¡œ ë§Œë‚˜ëŠ” #ì„¸ê³„ìœ ì‚°ë„ì‹œê¸°êµ¬
#owhc_ap @owhc_ap
ì°¸ì—¬í•©ë‹ˆë‹¤
https://www.instagram.com/p/Cltd9qapJX9/?igshid=N2ZiY2E3YmU=",2022-12-05 09:23:01+00:00
1004.sv,"ì°¸ì—¬ì™„ë£Œ, ë°©ëª…ë¡ ì™„ë£ŒğŸ”¥ğŸ”¥ğŸ”¥

https://www.instagram.com/p/Clx_Os2pMB6/?igshid=YmMyMTA2M2Y=",2022-12-13 15:05:00+00:00
taishi_ci78,ì°¸ì—¬ì™„ë£Œâ¤ï¸ https://www.instagram.com/p/CmHMp9zpUnY/?igshid=YmMyMTA2M2Y=,2022-12-04 01:19:41+00:00
seungtaeg11,ì°¸ì—¬ì™„ë£Œí–ˆì–´ìš”ğŸ§¡ğŸ™† https://www.instagram.com/p/ClujCV8hWjp/?igshid=YmMyMTA2M2Y=,2022-12-13 05:53:24+00:00
joss.0s,ì°¸ì—¬ì™„ë£Œ https://www.instagram.com/p/CmGNo6FJNqZ/?igshid=YmMyMTA2M2Y=,2022-12-13 20:56:14+00:00
sahykim,ì°¸ì—¬ì™„ë£Œ!! https://blog.naver.com/sksmsdidel/222955116995 ì„¸ê³„ìœ ì‚°ë„ì‹œê¸°êµ¬ë¥¼ ì•Œì•„ê°€ëŠ” ì‹œê°„ì´ì˜€ìŠµë‹ˆë‹¤! ë§ì€ë¶„ë“¤ì´ ë™ì°¸í• ìˆ˜ìˆë„ë¡ ê¸€ ì˜¬ë ¸ì–´ìš”!,2022-12-07 03:43:28+00:00
dididididi__20000,"ì°¸ì—¬ì™„ë£Œ!! ë°©ë¬¸ë¡ ì‘ì„±í–ˆì–´ìš” @aceshhs @girlsbiok
https://www.instagram.com/p/Cl2h-C1BEl6/?utm_source=ig_web_copy_link",2022-12-07 16:27:02+00:00
heaven_7179,ì°¸ì—¬ì™„ë£Œ,2022-12-11 10:44:22+00:00
mintt_candyy,ì°¸ì—¬ì™„ë£Œ â¤ï¸ https://www.instagram.com/p/CmBlIhtJ00Z/?igshid=YmMyMTA2M2Y= â¤ï¸ #ì„¸ê³„ìœ ì‚°ë„ì‹œê¸°êµ¬ ë©”íƒ€ë²„ìŠ¤ ë°©ëª…ë¡ ì‘ì„± ì™„ë£Œ ^0^ â¤ï¸ ë” ë§ì€ ì‚¬ëŒë“¤ì— #ì„¸ê³„ìœ ì‚°ë„ì‹œê¸°êµ¬ë©”íƒ€ë²„ìŠ¤ ë°©ë¬¸ì„ í†µí•´ ì„¸ê³„ìœ ì‚°ì˜ ê°€ì¹˜ë¥¼ ì•Œê³  ëŠë¼ê¸¸ ë°”ëë‹ˆë‹¤!!!,2022-12-08 03:48:22+00:00
hwanginjae84,ì°¸ì—¬ì™„ë£Œâ¤ï¸ https://www.instagram.com/p/Cl5HWEhJhPU/?igshid=YmMyMTA2M2Y=,2022-12-02 08:46:14+00:00
jsch610,ì°¸ì—¬ì™„ë£Œ~ ë©”íƒ€ë²„ìŠ¤ í˜ì´ì§€ ì†ë„ë„ ë¹ ë¥´ê³  ì¬ë¯¸ìˆë„¤ìš”~,2022-12-04 11:36:39+00:00
goode_veryday,ì°¸ì—¬ì™„ë£Œâ¤ï¸ #íŒ”ë¡œìš°ì™„ë£Œâœ”ï¸ #ì¢‹ì•„ìš”ì™„ë£Œâ¤ï¸ #ì—…ë¡œë“œì™„ë£Œâœ”ï¸ https://www.instagram.com/p/ClvpuMXrirC/?igshid=YmMyMTA2M2Y= @smjjdh1225 @gimjeongseon488 @songgolds @choi.zzhang @syj_0728 @jjjuu._.nim @sundew4004 @ssong2623,2022-12-13 06:31:53+00:00
soddong_00,ì°¸ì—¬ì™„ë£Œâ¤ï¸ https://www.instagram.com/p/CmGSCVsyJ2a/?igshid=YmMyMTA2M2Y=,2022-12-11 11:48:02+00:00
kilhwa0611,ì°¸ì—¬ì™„ë£ŒğŸ‘ğŸ‘ ë‘˜ëŸ¬ë³´ëŠë¼ ì‹œê°„ê°€ëŠ”ì§€ ëª°ëì–´ìš”ğŸ˜ ìš°ì²´í†µë°©ëª…ë¡ ì‘ì„±ì™„ë£Œ https://www.instagram.com/p/CmBsgE6JTiO/?igshid=YmMyMTA2M2Y=,2022-12-11 11:00:52+00:00
koreaant2000,ì°¸ì—¬ì™„ë£Œ â£ï¸ https://www.instagram.com/p/CmBnObIJ7ql/?igshid=YmMyMTA2M2Y=,2022-12-09 12:15:59+00:00
cyangirl1976,ì°¸ì—¬ ì™„ë£Œ â£ï¸ https://www.instagram.com/p/Cl8mQV6r1AP/,2022-12-11 15:10:02+00:00
atonjedi,ì°¸ì—¬ì™„ë£ŒğŸ™ŒğŸ™Œhttps://www.instagram.com/p/CmCCd8wpBfH/?igshid=YmMyMTA2M2Y= â¤ï¸ ì¬ë¯¸ìˆì–´ìš”.â¤ï¸ @ihyeyeong966 @yoom_yoom_yoom,2022-12-05 07:58:25+00:00
prettyjh6985,ì°¸ì—¬ì™„ë£Œ!! https://www.instagram.com/p/Clx1eEZJRJp/?utm_source=ig_web_copy_link,2022-12-05 20:07:46+00:00
shfkddlv,ì°¸ì—¬ì™„ë£Œ https://www.instagram.com/p/ClzI-E3hLfN/,2022-12-04 06:13:53+00:00
coco_hodo525,ì°¸ì—¬ì™„ë£Œ https://www.instagram.com/p/ClvEluEJu5U/?igshid=YmMyMTA2M2Y=,2022-12-13 13:33:20+00:00
ojjjj0326,ì°¸ì—¬ì™„ë£Œ https://www.instagram.com/p/CmHCQtDpj__/?igshid=YmMyMTA2M2Y=,2022-12-05 03:48:23+00:00
voravora.hi,ì°¸ì—¬ì™„ë£Œâ¤ï¸https://www.instagram.com/p/ClxY8ZcPOYO/?utm_source=ig_web_copy_link,2022-12-08 03:52:44+00:00
jsa01999,ì°¸ì—¬ì™„ë£ŒğŸŒ± https://www.instagram.com/p/Cl5H257p79S/?igshid=YmMyMTA2M2Y=,2022-12-02 08:31:58+00:00
nightfall0711,"ğŸ‰â˜†ì°¸ì—¬ì™„ë£Œâ˜…ğŸ‰
ì„¸ê³„ìœ ì‚°ë„ì‹œê¸°êµ¬ ë©”íƒ€ë²„ìŠ¤ ìƒˆë¡œìš´ ê²½í—˜ì´ì—ˆìŠµë‹ˆë‹¤. ğŸ‘ğŸ‘ğŸ‘
ì¸ì¦ì‚¬ì§„ ì™„ë£Œ : https://www.instagram.com/jsa01999/
â™¥ ì´ë²¤íŠ¸ ê°ì‚¬í•©ë‹ˆë‹¤.â™¥ ğŸ’¯ì„¸ê³„ìœ ì‚°ë„ì‹œê¸°êµ¬ ë©”íƒ€ë²„ìŠ¤ğŸ’¯ ì‘ì›í•©ë‹ˆë‹¤.â™¥ğŸ’ªğŸ’ªğŸ’ª
â™¥í¬ìŠ¤íŠ¸ íŒ”ë¡œìš° ì™„ë£Œ â™¥ê²Œì‹œê¸€ ì¢‹ì•„ìš” ì™„ë£Œâ™¥",2022-12-10 03:30:45+00:00
jhkkmtkfkdgo,ì°¸ì—¬ì™„ë£Œ https://www.instagram.com/p/Cl-OxxCp3lx/?utm_source=ig_web_copy_link,2022-12-13 09:31:27+00:00
pudding_story_roy,"ì°¸ì—¬ì™„ë£Œ~!
https://www.instagram.com/p/CmGmmJcvvMQ/",2022-12-12 08:57:18+00:00
boomboomboom1110,ì°¸ì—¬ì™„ë£ŒğŸ’› https://www.instagram.com/p/CmD938KuKR4/?utm_source=ig_web_copy_link,2022-12-04 17:05:20+00:00
milkyy1004,https://www.instagram.com/p/ClwPFVhBRR0/?igshid=YmMyMTA2M2Y= ë©”íƒ€ë²„ìŠ¤ ê²½ì£¼ì‹œ OWHC-AP ì—¬ëŸ¬ê³³ì„ ì¬ë°Œê²Œ ë‘˜ëŸ¬ë´¤ì–´ìš” ì¦ê±°ìš´ì‹œê°„ë˜ì—ˆì–´ìš” ì°¸ì—¬ì™„ë£Œ,2022-12-13 13:12:44+00:00
ffaksdf,ì°¸ì—¬ì™„ë£ŒğŸ˜½âœ¨ï¸ https://www.instagram.com/p/CmG_6a_rmY7/?igshid=YmMyMTA2M2Y=,2022-12-08 03:04:48+00:00
cndbk27_so,"ì°¸ì—¬ì™„ë£Œ
https://www.instagram.com/p/Cl5CXMVhN-n/?utm_source=ig_web_copy_link",2022-12-05 08:20:43+00:00
pluto_world2112,ì°¸ì—¬ì™„ë£Œhttps://www.instagram.com/p/ClxrxJnpiZw/,2022-12-05 14:27:56+00:00
mango202015,ğŸ™‹â€â™‚ï¸ ì°¸ì—¬ ì™„ë£Œ ! ë°©ëª…ë¡ë„ ì‘ì„±í–ˆìŠµë‹ˆë‹¤ :),2022-12-11 12:38:17+00:00
dbwjdals89,ì°¸ì—¬ì™„ë£Œ https://www.instagram.com/p/CmByXwOr4Xe/?igshid=YmMyMTA2M2Y=,2022-12-07 16:31:28+00:00
angree1234,https://www.instagram.com/p/Cl355sGJC9R/?igshid=YmMyMTA2M2Y= ì°¸ì—¬ì™„ë£Œ,2022-12-05 07:57:10+00:00
yucangseon558,"#owhc_ap
#ì°¸ì—¬ì™„ë£Œ / https://www.instagram.com/angree1234",2022-12-05 02:25:42+00:00
kota22586,ì°¸ì—¬ì™„ë£Œ https://www.instagram.com/p/ClxPW8DhsQT/?igshid=YmMyMTA2M2Y=,2022-12-13 12:42:11+00:00
goldandy20,ì°¸ì—¬ì™„ë£Œâ¤https://www.instagram.com/p/CmG772Fpptu/?igshid=YmMyMTA2M2Y=,2022-12-05 03:30:36+00:00
linenisu,ì°¸ì—¬ì™„ë£Œ ğŸ˜,2022-12-13 05:11:38+00:00
hwan0863,ì°¸ì—¬ì™„ë£Œì˜ˆìš” ğŸ¥° / https://www.instagram.com/p/CmGI3vXLbtV/,2022-12-05 17:33:31+00:00
vsrin0527,ì°¸ì—¬ ì™„ë£Œ https://www.instagram.com/p/Cly3HgAv73M/?igshid=YmMyMTA2M2Y=,2022-12-12 08:01:17+00:00
xxmi_nt.o.oxx,"ì°¸ì—¬ì™„ë£Œ
https://www.instagram.com/p/CmD3dG0JtvQ/",2022-12-11 14:26:24+00:00
kim.ng1117,ì°¸ì—¬ì™„ë£Œ! https://www.instagram.com/p/CmB-nNgr1ZO/?utm_source=ig_web_copy_link,2022-12-07 07:56:10+00:00
joojuyeon,ì°¸ì—¬ ì™„ë£Œ https://www.instagram.com/p/Cl2-36JhwRU/?utm_source=ig_web_copy_link,2022-12-13 13:11:37+00:00
ranchi76,ì°¸ì—¬ì™„ë£ŒğŸ’‹ğŸ™Š https://www.instagram.com/p/CmG_yOULsbW/?igshid=YmMyMTA2M2Y=,2022-12-02 08:30:26+00:00
soul_mate79.79,"ì°¸ì—¬ì™„ë£Œ ğŸ˜Š
https://www.instagram.com/p/ClqK3dhvaZS/",2022-12-04 07:32:22+00:00
songho0428,ì°¸ì—¬ì™„ë£Œ ğŸ‘ğŸ‘ ë°©ëª…ë¡ ì‘ì„±ok ğŸ˜â¤ï¸ https://www.instagram.com/p/ClvMk2cJUkk/?igshid=YmMyMTA2M2Y=,2022-12-12 16:45:27+00:00
eogksrhdfyd,"ì°¸ì—¬ì™„ë£Œ
ë©”íƒ€ë²„ìŠ¤ì—ì„œ ì„¸ê³„ìœ ì‚°ë„ì‹œê¸°êµ¬ì™€ ì†Œí†µí•  ìˆ˜ ìˆì–´ ì¢‹ì•˜ê³  ë°©íƒˆì¶œë„ ì¬ë¯¸ìˆì—ˆì–´ìš” â¤ï¸ https://www.instagram.com/p/CmEzdZDpTB9/",2022-12-02 02:27:31+00:00
hwan8704,ì°¸ì—¬ì™„ë£Œ,2022-12-02 01:55:02+00:00
babi.482,ì°¸ì—¬ì™„ë£Œ,2022-12-02 01:41:19+00:00
llbb1017,"ì°¸ì—¬ì™„ë£Œâ¤ï¸â¤ï¸
ê°™ì´í•˜ì
@godl5175",2022-12-02 01:35:27+00:00
