,ì•„ì´ë””,ëŒ“ê¸€
0,owhc_ap,ðŸ§¡
1,clear_worldview,ì„¸ê³„ìœ ì‚°ì„ ìœ„í•œ ì ê·¹ì ì¸ í–‰ë³´ë¥¼ ì‘ì›í•©ë‹ˆë‹¤ ì •ë§ ë©‹ìžˆì–´ìš”ðŸ˜†
2,woshienshan,ì„¸ê³„ìœ ì‚°ë„ì‹œê¸°êµ¬ ë©”íƒ€ë²„ìŠ¤ open ì¶•í•˜í•´ìš”.
3,wonah77,ì„¸ê³„ìœ ì‚°ë„ì‹œê¸°êµ¬ ë©”íƒ€ë²„ìŠ¤ ì´ìš©í•˜ëŠ”ë° ì‹œí–‰ì°©ì˜¤ê°€ ìžˆê¸°ëŠ” í–ˆì§€ë§Œ ìž¬ë°Œê²Œ êµ¬ê²½í•  ìˆ˜ ìžˆì—ˆì–´ìš”.
4,xuanyinnn,ë©”íƒ€ë²„ìŠ¤ ì˜¤í”ˆ ì¶•í•˜í•©ë‹ˆë‹¤! ì•žìœ¼ë¡œë„ ê³„ì† ì‘ì›í•˜ê² ìŠµë‹ˆë‹¤~~
5,haeuninini_,@bomme_8 ì‹ ê¸°í•˜ë‹¤~
6,imjihyeon335,"#ì„¸ê³„ìœ ì‚°ë„ì‹œê¸°êµ¬ ë©”íƒ€ë²„ìŠ¤ ì˜¤í”ˆì„ ì§„ì‹¬ìœ¼ë¡œ ì¶•í•˜ë“œë¦½ë‹ˆë‹¤ ðŸŽ‰ðŸŽŠ ì•žìœ¼ë¡œë„ ë” ë§Žì€ ì‚¬ëž‘ê³¼ ê´€ì‹¬ ë“¬ë¿ë“¬ë¿ ë°›ìœ¼ì‹œê¸¸ í•­ìƒ ì‘ì›í•˜ê² ìŠµë‹ˆë‹¤ ì¸ë‹˜ë“¤ ëª¨ë‘ëª¨ë‘ í•¨ê»˜í•´ìš” âœ…ï¸ðŸ’šðŸŒ¿ðŸ€ðŸ€ðŸ’¯ðŸ’¯ðŸ™‹â€â™€ï¸ðŸ“£ @imjiyeong271
@goyang22
@minyoulove11
@3.14p.i
@gimcangi4032
@happygo1289
âœ…ï¸ðŸ€ðŸ€ðŸ€ðŸ€ðŸ€ðŸ€ðŸ€ðŸ€ðŸ€ðŸ€âœ…ï¸
ðŸ™‹â€â™€ï¸ðŸ‘‹ðŸ‘‹ðŸ‘‹ðŸ‘‹ðŸ‘‹ðŸ‘‹ðŸ‘‹ðŸ‘‹ðŸ‘‹ðŸ‘‹ðŸ™‹â€â™€ï¸"
7,cshoon3136,#ì„¸ê³„ìœ ì‚°ë„ì‹œê¸°êµ¬ ë©”íƒ€ë²„ìŠ¤ ì˜¤í”ˆ ì¶•í•˜ë“œë¦½ë‹ˆë‹¤â¤ï¸ ë§Žì€ë¶„ë“¤ì˜ ê´€ì‹¬ê³¼ ì‚¬ëž‘ê³¼ ì°¸ì—¬ë¡œìŠ¹ìŠ¹ìž¥êµ¬ í•˜ì‹œê¸¸ ì‘ì›í•©ë‹ˆë‹¤ðŸ’™í•¨ê»˜í•´ìš”ðŸ’™ @blairjay0118 @clickymk @chobo1298 @danbee2004 @sewill_moon @ddangkong154 @goodd_199 @jeongjinbaeg2 @jeonjeongweon57 @eee2_hs
8,meangmiseon,"ì‘ì›í•©ë‹ˆë‹¹â¤ï¸â¤ï¸â¤ï¸
@jeongeunog16"
9,writing_nam,@cultureart_moa ì•¼ ì´ê±° ã„±ã„±
10,emmaoh0,ì„¸ê³„ìœ ì‚°ë„ì‹œê¸°êµ¬ ë©”íƒ€ë²„ìŠ¤ ì‘ì›í•©ë‹ˆë‹¤ ðŸ™Œ ì €ë„ ê²½í—˜í•´ë³´ê³  ì‹¶ì–´ìš” @uuuu.__y
11,nam_y.u,@jinseull_ ì˜¤ ìž¬ë°Œê² ë‹¤ ì„¸ê³„ìœ ì‚°ì„ ë©”íƒ€ë²„ìŠ¤ë¡œë„ ì¦ê¸°ëŠ” ì‹œëŒ€ê°€ ì˜¨ ê²ƒì´ì•¼
12,jhyeon4423,ì„¸ê³„ìœ ì‚°ë„ì‹œê¸°êµ¬ì˜ ë©”íƒ€ë²„ìŠ¤ â¤ï¸â¤ï¸ë§Žì€ì‚¬ëž‘ ë°›ìœ¼ì‹œê¸¸ ì‘ì›í•©ë‹ˆë‹¤ â¤ï¸â¤ï¸ @gmlwjd8685 @gimjiseon617 @cjdgnsdhkd @jopdzzan
13,nbl2a,@haeuninini_ ì‹ ê¸°í•˜ë‹¤ ì´ê±° ã…‹ã…‹ã…‹
14,junhoholee,ì™€ìš° ì˜¤í”ˆ ì¶•í•˜~~~^^ @seong30ee @growing_302
15,_xhdf.h,ì„¸ê³„ìœ ì‚°ë„ì‹œê¸°êµ¬ ì•„ì‹œì•„íƒœí‰ì–‘ì‚¬ë¬´ì²˜ì™€ ë©”íƒ€ë²„ìŠ¤ ëª¨ë‘ ì‘ì›í•©ë‹ˆë‹¤ðŸ‘ @yspark23
16,minmin_minimy,ì„¸ê³„ ìœ ì‚°ë„ì‹œê¸°êµ¬ ë©”íƒ€ë²„ìŠ¤ ì‘ì›í•©ë‹ˆë‹¤ ðŸ‘ðŸ‘ðŸ‘ðŸ‘ðŸ’•ðŸ’ž #ì°¸ì—¬ì™„ë£Œ #íŒ”ë¡œìš°ì™„ë£Œ   @ll_.0._ll @ddoch1234 @hwanyunlove  @h.h222
17,gjdlsdk,ì„¸ê³„ìœ ì‚°ë„ì‹œê¸°êµ¬ ë©”íƒ€ë²„ìŠ¤ ì‘ì›í•©ë‹ˆë‹¤ ðŸ˜ @hmh19760906 @inja1553 @cheshim @jeongsug3008 @rang3424 @memory2520 @phoebe__hana @sanghee9412 @__hoyanara__1231 @lukas_hyun
18,foxstar77,"ì„¸ê³„ìœ ì‚°ì„ í•œë²ˆì— ë³¼ìˆ˜ìžˆê³  ì •ë§ ë©‹ì§€ê³  ì´ì˜ë„¤ìš” ^^ @prin_milky @popo33867 @moneymakererer @sinno770 @yeommyungseok @gusdn8913
@jinu0212_1"
19,algus29,ì„¸ê³„ìœ ì‚°ë„ì‹œê¸°êµ¬ ë©”íƒ€ë²„ìŠ¤ ì˜¤í”ˆ ì¶•í•˜ë“œë¦½ë‹ˆë‹¤ ðŸŽ‰ ë§Žì€ ì‚¬ëž‘ ë°›ìœ¼ì‹œê¸¸ ë°”ëž„ê²Œìš” ì‘ì›í•©ë‹ˆë‹¤ðŸ’™ @djdjlove88 @danelv90 @ijk_iii @redc.onge
20,seonmogo,ì„¸ê³„ìœ ì•ˆë„ì‹œê¸°êµ¬ ë©”íƒ€ë²„ìŠ¤ ì˜¤í”ˆ ì¶•í•˜ë“œë¦½ë‹ˆë‹¤ðŸ‘ðŸ‘ ë§Žì€ ì‚¬ëž‘ ë°›ìœ¼ì‹œê¸¸ ì‘ì›í• ê²Œìš”ðŸ˜ðŸ˜ðŸ”¥ @dressy4918 @t0_028 @joy486486 @jungmis_s @kang45244524 @gmlwjd8685
21,miyo_523,"ì°¸ì—¬í•´ìš”ðŸ˜ ì„¸ê³„ìœ ì‚°ë„ì‹œê¸°êµ¬ ë©”íƒ€ë²„ìŠ¤ ì˜¤í”ˆ ì¶•í•˜í•©ë‹ˆë‹¤ðŸ˜ðŸ™ŒðŸ™Œ
@jeong_m1.k @baehj979090 @hi830310"
22,_a.dorable.y,@ji_yun2 ì‘ì›í•©ë‹ˆë‹¹ ðŸ‘ðŸ‘
23,hi830310,ì°¸ì—¬ì™„ë£ŒðŸ˜ í•¨ê»˜í•´ìš” @miyo_523 @yujin121207 @choi20071111
24,queen3mom72,#ì„¸ê³„ìœ ì‚°ë„ì‹œê¸°êµ¬ ë©”íƒ€ë²„ìŠ¤ ì˜¤í”ˆ ì¶•í•˜ë“œë¦½ë‹ˆë‹¤ íŒ”ë¡œìš° ì™„ë£Œí–ˆë‹µë‹ˆë‹¤ ðŸ‘ @luckydolce1 @ojwo2u @choeyeongsu57 @devpstagram @nugugehihi @all_zzzang @hjjun615 @79.onekue
25,sewill_moon,ì„¸ê³„ìœ ì‚°ë„ì‹œê¸°êµ¬ ë©”íƒ€ë²„ìŠ¤ ì˜¤í”ˆì„ ì¶•í•˜í•©ë‹ˆë‹¤ðŸŽŠðŸŽ‰ë§Žì€ ë¶„ë“¤ì´ ë©”íƒ€ë²„ìŠ¤ ë‚´ì—ì„œ ì „ì„¸ê³„ ì„¸ê³„ìœ ì‚°ë“¤ì„ ë³´ê³  ëŠë¼ê³  ê°”ìœ¼ë©´ í•©ë‹ˆë‹¤ðŸ’›í™”ì´íŒ…âœ¨ @jeonghansoo_ @imiseon97 @boomboomboom1110 @nnnnnyydd @hyeran7512__ @gjhstar0204 @kym12000 @flyj053 @rosegg35_ @jijibebe_e
26,holy_moly_yelly,ìš°ì™€ ì„¸ê³„ìœ ì‚°ê¸°êµ¬ ë©”íƒ€ë²„ìŠ¤??? ìš”ìƒˆ í•«í•œ ë©”íƒ€ë²„ìŠ¤ë¡œ ë©‹ì§„ ëª¨ìŠµ ì™•ì™• ê¸°ëŒ€í•´ìš©â¤ï¸â¤ï¸â¤ï¸@jh_kim2 @e_bangmang_e @lovelychuuuu @jelli_jelly_ @man_go902 @bebe_pumpkinn @bada_mom7 @minseo._.p @young.2957 @_hohofriend_
27,5.16_kim_5.16,"ðŸ‘ðŸ‘ðŸ‘ðŸ‘
ì„¸ê³„ìœ ì‚°ë„ì‹œê¸°êµ¬ ë©”íƒ€ë²„ìŠ¤ ê³µê°„ OPENì¶•í•˜ë“œë¦½ë‹ˆë‹¹ ðŸ‘ðŸ‘ðŸ‘
@jopdzzan
@luniajin"
28,jh_kim2,ì„¸ê³„ìœ ì‚°ë„ì‹œê¸°êµ¬ ë©”íƒ€ë²„ìŠ¤ ì‘ì›í•©ë‹ˆë‹¤â¤ï¸ ë§Žì€ ì‚¬ëž‘ ë°›ê¸¸ ê¸°ì›í•´ìš”â¤ï¸ @minseo._.p @man_go902 @bada_mom7 @holy_moly_yelly @_hohofriend_ @ask_0202020 @ju3390 @jelli_jelly_ @leeseoa1212 @lovelychuuuu í•¨ê»˜ ì‘ì›í•´ìš”â¤ï¸
29,cjdgnsdhkd,íŒ”ë¡œìš°ì™„ë£Œâ¤ï¸ì„¸ê³„ìœ ì‚°ë„ì‹œê¸°êµ¬ ë©”íƒ€ë²„ìŠ¤ ì˜¤í”ˆì„ ì¶•í•˜ë“œë ¤ìš”â¤ï¸ @lmmmin33 @jhyeon4423 @zoop121212 @taein_abeom @m.lovesu @lmj770921 @zhddl1233 @mybchosim @jeonjeongweon57
30,borukid,ì„¸ê³„ìœ ì‚°ë„ì‹œ ë©”íƒ€ë²„ìŠ¤ ì‘ì›í• ê²Œìš”ðŸ˜ðŸ˜ @ych_fan @e_glow_y
31,jungys8402,"ì„¸ê³„ìœ ì‚°ë„ì‹œê¸°êµ¬ ë©”íƒ€ë²„ìŠ¤, ë§Žì€ ì‚¬ëžŒë“¤ì—ê²Œ í° ì‚¬ëž‘ê³¼ ì‹ ë¢°ë°›ê¸¸ ì‘ì›í•˜ê² ìŠµë‹ˆë‹¤. ë©”íƒ€ë²„ìŠ¤ ê³µê°„ì— ê°™ì´ ë†€ëŸ¬ê°€ìš”ðŸ’•ðŸ’“ @wanjms @bom2what @waeha_mama @lovems486 @aaklovelove @tms052 @lmj770921"
32,hyezzink,@mabonvoyage ì–¸ë‹ˆ ì´ê±° ë´ë°” ì„¸ê³„ìœ ì‚°ì„ ë©”íƒ€ë²„ìŠ¤ë¡œ ë³¸ëŒ€!!
33,godqhr5957,@cember_gong ë©”íƒ€ë²„ìŠ¤ ë©‹ìžˆì—‰ðŸ˜
34,kimyun825,ì„¸ê³„ìœ ì‚°ë„ì‹œ ë©”íƒ€ë²„ìŠ¤~ í•¨ê»˜ ì°¸ì—¬í•´ìš” ðŸ‘ðŸ‘ @yeozoogyung456 @dear100482 @suindig1
35,e_glow_y,ì˜¤!!! ì„¸ê³„ìœ ì‚°ë„ì‹œ ë©”íƒ€ë²„ìŠ¤ë¼ë‹ˆ!! ë„ˆë¬´ ì‹ ê¸°í•˜ë„¤ìš”!! ì˜¤í”ˆ ì¶•í•˜ë“œë¦½ë‹ˆë‹¤ ðŸ‘ðŸ‘ðŸ‘ @do_yunuy_ob @borukid
36,jopdzzan,ì„¸ê³„ìœ ì‚°ë„ì‹œê¸°êµ¬ ë©”íƒ€ë²„ìŠ¤ ì˜¤í”ˆ ì§„ì‹¬ìœ¼ë¡œ ì¶•í•˜ë“œë¦½ë‹ˆë‹¤ í•­ìƒ ì¢‹ì€ëª¨ìŠµ ê¸°ëŒ€í• ê²Œìš” ì‘ì›í•©ë‹ˆë‹¤ ðŸ… ðŸŽ‰ ðŸ’• ðŸ˜Š ðŸ˜„ @mihyun.kim.3745 @kilhwa0611
37,nowadays8869,ì„¸ê³„ìœ ì‚°ë„ì‹œê¸°êµ¬ ë©”íƒ€ë²„ìŠ¤ ì˜¤í”ˆ ì†Œì‹ ì†Œë¬¸ë‚´ìš”. ë§Žì€ ì‚¬ëž‘ë°›ìœ¼ì‹œê¸¸ ì‘ì›í•©ë‹ˆë‹¤. @jihoomom2022 @jujjj4501 @jihaseul79 @sdsj5639 @jini22100 @greencolorsoon @y_j_mam
38,prin_milky,"ì†Œë¬¸ëƒ…ë‹ˆë‹¤~~~~~~ðŸ“¢ ì„¸ê³„ìœ ì‚°ë„ì‹œê¸°êµ¬ ë©”íƒ€ë²„ìŠ¤ê°€ ì˜¤í”ˆí•˜ì˜€ëŒ€ìš”ðŸ’œðŸ’œðŸ’œ ë§Žì€ ê´€ì‹¬ ë¶€íƒë“œë¦´ê²Œìš”!!!~ ì„¸ê³„ìœ ì‚°ë„ì‹œì™€ ì„¸ê³„ìœ ì‚°ë“¤ì„ í•œ ëˆˆì— ë³¼ ìžˆê²Œ ìž˜ ê¾¸ë©°ë‘ì—ˆëŒ€ìš”ðŸ‘ðŸ»
@coeyeongsig938
@saranimida 
@coco.dosi 
@foxstar77 
@7good56 
@hyejin_jo_2
@boomboomboom1110
@kms4112323
@romanfly1972
@gkdl12399
í•œ ë²ˆ ì²´í—˜í•´ë³¼ê¹Œìš”? íŒ”ë¡œìš°ì™€ ì¢‹ì•„ìš”ë„ ì™„ë£Œâœ”ï¸"
39,gkswjd35,"â€¢â—¦â¥â—¦â€¢ â€¢â—¦â¥â—¦â€¢ â€¢â—¦â¥â—¦â€¢
â£â£
á°” ì„¸ê³„ìœ ì‚°ë„ì‹œê¸°êµ¬ ë©”íƒ€ë²„ìŠ¤ ì‘ì›í•©ë‹ˆë‹¤â¤ï¸ á°”â£
â£â£ ë§Žì€ ê´€ì‹¬ê³¼ ì‚¬ëž‘ë°›ì•„ ê½ƒê¸¸ë§Œ ê±¸ìœ¼ì„¸ìš” ðŸŒ¸ðŸŒ¸ðŸŒ¸
â£â£
â£â£íŒ”ë¡œìš° ì™„ë£Œ â™¥ï¸Ž ì¢‹ì•„ìš” ì™„ë£Œ â™¥ï¸Ž
â£
â€¢â—¦â¥â—¦â€¢ â€¢â—¦â¥â—¦â€¢ â€¢â—¦â¥â—¦â€¢
â£â£
â£â£â£ë©‹ì° ì´ë²¤íŠ¸ ê°ì‚¬í•©ë‹ˆë‹¤ â™¥ï¸Ž
â£â£
@hana9.2.8 @s_sup_mam @yw_sw_momâ£ @kwakinhee
â£â£@151803_gold @bluesky4491 @yh_blue â£â£"
40,nstdream,"ë©”íƒ€ë²„ìŠ¤ë¡œ ì„¸ê³„ìœ ì‚°ì„ êµ¬ê²½í•˜ìž ðŸ’› @moeonggeul @171.4_ @ss_ssk00
ë‹¤ì–‘í•˜ê³  ìž¬ë°‹ëŠ” ì´ì•¼ê¸°ë“¤ë¡œ ë§Žì€ ë¶„ë“¤ì´ ì°¾ëŠ”ê³³ì´ ë˜ê¸¸ ë°”ëž„ê²Œìš”~!"
41,rookie127127,#ì„¸ê³„ìœ ì‚°ë„ì‹œê¸°êµ¬_ë©”íƒ€ë²„ìŠ¤ OPEN ì¶•í•˜í•´ìš” ðŸŽ‰ ë©‹ì§„ê³µê°„ ì‘ì› ê°€ë“ ë“œë ¤ìš” @goodbyee.summerr
42,jeongjinbaeg2,ì„¸ê³„ìœ ì‚°ë„ì‹œê¸°êµ¬ ë©”íƒ€ë²„ìŠ¤ ì˜¤í”ˆ ì¶•í•˜ë“œë ¤ìš”ðŸŽ‰ë§Žì€ë¶„ë“¤ì˜ ê´€ì‹¬ê³¼ ì‚¬ëž‘ë°›ìœ¼ì‹œê¸¸ ë°”ëžë‹ˆë‹¤â¤ï¸í•¨ê»˜ ì¶•í•˜í•´ìš”â¤ï¸ @cshoon3136 @peachlike1004 @sweetpotato_yelo @ssingmami729 @2bassda @ttjdqmffl_78 @saebomu83 @dressy4918 @ivyvyworld @yeonmi0426
43,jeongring_,ì„¸ê³„ìœ ì‚°ë„ì‹œê¸°êµ¬ ë©”íƒ€ë²„ìŠ¤ ì§„ì‹¬ìœ¼ë¡œ ì‘ì›í•©ë‹ˆë‹¤. @kczoo_ ðŸ”¥ðŸ”¥ðŸ”¥ðŸ”¥ðŸ”¥
44,oooooop78,"ì„¸ê³„ìœ ì‚°ë„ì‹œê¸°êµ¬ ë©”íƒ€ë²„ìŠ¤ ì˜¤í”ˆì„ ì§„ì‹¬ìœ¼ë¡œ ì¶•í•˜ë“œë¦½ë‹ˆë‹¤ ~!!
ì•žìœ¼ë¡œ ë”ìš±ë” ì–¸ì œë‚˜ ë§Žì€ë¶„ë“¤ì—ê²Œ í°í–‰ë³µì„ ì „í•´ì£¼ëŠ” í–‰ë³µ ë°”ì´ëŸ¬ìŠ¤ê°™ì€ ì¡´ìž¬ë¡œì¨ ìµœì„ ì„ ë‹¤í•´ì£¼ì‹œê¸¸ ë°”ë¼ë©° ~!! í•œë¶„í•œë¶„ì˜ ëª©ì†Œë¦¬ì— ê·€ê¸°ìš¸ì´ë©° ì„œë¡œ ì¢€ë” ê°€ê¹ê²Œ ì†Œí†µí•˜ë©° ì§„ì‹¬ì´ ì „ë‹¬ ë ìˆ˜ìžˆëŠ” ëŒ€í™”ì˜ ìž¥ìœ¼ë¡œì¨ ë§Žì€ ë¶„ë“¤ì—ê²Œ í°íž˜ë˜ëŠ” ì¡´ìž¬ê°€ ë˜ì–´ì£¼ì‹œê¸¸ ê°„ì ˆížˆ ê¸°ì›í•´ë´…ë‹ˆë‹¤^^//
#ì„¸ê³„ìœ ì‚°ë„ì‹œê¸°êµ¬ #ë©”íƒ€ë²„ìŠ¤ í™”ì´íŒ… ì•„ìžì•„ìž !!!
@nakhoon_lee @scanty0416 @eomminam5 @red79_79 @dhgifts @jiann_y3635 @juninoutstock @onsemero03 @46.3m @4.9.e.e í•¨ê»˜ ì‘ì›í•´ìš” ~!!"
45,jjiny818,ðŸ’œíŒ”ë¡œìš°ì™„ë£Œ ì¢‹ì•„ìš”ì™„ë£ŒðŸ’œ ë©”íƒ€ë²„ìŠ¤ ê³µê°„ì—ì„œ ì„¸ê³„ìœ ì‚°ë„ì‹œë¥¼ ëŒì•„ë‹¤ë…€ë³´ë‹ˆ ë„ˆë¬´ ì‹ ê¸°í•˜ê³  ìž¬ë°Œì–´ìš”~í€´ì¦ˆì¡´ë„ ìžˆê³  ë‹¤ë¦¬ë„ ê±´ë„ˆê°€ë³´ê³ ~ê²½ì£¼ì‹œ OWHC-APì—ì„œ ì„¸ê³„ìœ ì‚°ë„ì‹œì™€ ì„¸ê³„ìœ ì‚°ë“¤ì„ í•œëˆˆì— ë³¼ ìˆ˜ìžˆëŠ” ë©”íƒ€ë²„ìŠ¤ ê³µê°„ì˜ OPENì„ ì¶•í•˜ë“œë¦¬ë©° ì§€ê¸ˆë„ ì•žìœ¼ë¡œë„ ê³„ì† ë§Žì€ ì‚¬ëž‘ë°›ê¸¸ ì‘ì›í•˜ê² ìŠµë‹ˆë‹¤ðŸ˜Š #OWHC í•¨ê»˜ íŒ”ë¡œìš°í•˜ê³  ì„¸ê³„ìœ ì‚°ë„ì‹œê¸°êµ¬ ë©”íƒ€ë²„ìŠ¤ í•¨ê»˜ ì‘ì›í•´ìš”ðŸ˜Š @1018inho @hyeyo83 @82dengo @saebomu83 @oooooop78 @pk.jin @peach0242 @priapus1130 @imseonghun708 @imeunhwa7821
46,sysy_1215,ì„¸ê³„ìœ ì‚°ë„ì‹œê¸°êµ¬ ë©”íƒ€ë²„ìŠ¤ ì‘ì›í•©ë‹ˆë‹¤ â¤ï¸ @idealbody_kim @yangsan7979 @coffee_uuu12
47,whale_hj,"ì „ ì„¸ê³„ ìœ ì‚°ë“¤ì„ í•œ ë²ˆì— ë³¼ ìˆ˜ ìžˆëŠ” í™˜ê²½ì´ ì¡°ì„±ë˜ì—ˆë‹¤ëŠ” ê²ƒì€ ì°¸ ì˜ë¯¸ìžˆëŠ” ì¼ì¸ ê²ƒ ê°™ìŠµë‹ˆë‹¤! ì—¬ëŸ¬ êµ­ê°€ë“¤ì˜ ì—­ì‚¬ì  ë°°ê²½ì„ ì•Œ ìˆ˜ ìžˆëŠ” í•™ìŠµì ì¸ ê³µê°„ì´ ë  ìˆ˜ë„ ìžˆê² ë„¤ìš”. ìƒ‰ë‹¤ë¥¸ ì²´í—˜ì´ ê°€ëŠ¥í•œ â€˜ë©”íƒ€ë²„ìŠ¤â€™ë¼ëŠ” ì‹ ë¬¸ë¬¼ê³¼ ê²°í•©í–ˆìœ¼ë‹ˆ, êµ­ê°€, ë¯¼ì¡±, ë‚¨ë…€ë…¸ì†Œë¥¼ ë¶ˆë¬¸í•˜ëŠ” í™”í•©ì˜ ìž¥ì´ ë˜ì—ˆìœ¼ë©´ ì¢‹ê² ìŠµë‹ˆë‹¤! @yspark23"
48,lyn_.e,"ì„¸ê³„ë¬¸í™”ìœ ì‚°ì„ ë©”íƒ€ë²„ìŠ¤ë¡œ ë³¼ ìˆ˜ ìžˆë‹¤ë‹ˆ,,!ðŸ˜® ë©‹ì§„ ëª¨ìŠµ ì‘ì›í• ê²Œìš”â¤ï¸ @whale_hj"
49,eomminam5,â¤ï¸ ì¢‹ì€ì´ë²¤íŠ¸ ê°ì‚¬í•©ë‹ˆë‹¤ ðŸ”¥ #ì„¸ê³„ìœ ì‚°ë„ì‹œê¸°êµ¬ ë©”íƒ€ë²„ìŠ¤ì˜ ì˜¤í”ˆì„ ì§„ì‹¬ìœ¼ë¡œ ì¶•í•˜ë“œë¦½ë‹ˆë‹¤ ðŸ‘ì•žìœ¼ë¡œ ê½ƒê¸¸ë§Œê±·ê¸°ë¥¼ ë°”ëž˜ìš” ì†Œë¬¸ë§Žì´ ë‚¼ê»˜ìš” ì¸ì¹œë¶„ë“¤ë„ í•¨ê»˜í•´ìš” ðŸ˜@moun_s9 @sun2_midal @newstart.hj84 @imseonghun708 @jjiny818 @oooooop78 @pink81000
50,dhsh71810,ë©”íƒ€ë²„ìŠ¤ë¡œ ì„¸ê³„ìœ ì‚°ì„ ë³¼ ìˆ˜ ìžˆë‹¤ë‹ˆ ë„˜ ì‹ ê¸°í•˜ê³  ì˜ˆë»ìš”!!ðŸ‘ðŸ‘ @kim3oil @hxnx_aa @mynkyg
51,dodeoghu,ì„¸ê³„ìœ ì‚°ë„ì‹œê¸°êµ¬ ë©”íƒ€ë²„ìŠ¤ ì§„ì‹¬ìœ¼ë¡œ ì‘ì› í•´ ë³´ì•„ìš” í™”ì´íŒ…! @dongho8093
52,rove012486,ì„¸ê³„ìœ ì‚°ë„ì‹œì˜ ë©”íƒ€ë²„ìŠ¤ íƒ„ìƒðŸ™Œ @wksel00700
53,jewish0228,ì‘ì›í•©ë‹ˆë‹¤ â¤ï¸ @dofl86
54,eunhwa782,ë§Žì€ë¶„ë“¤ì—ê²Œ ì‚¬ëž‘ë°›ëŠ” ì„¸ê³„ìœ ì‚°ë„ì‹œê¸°êµ¬ ë©”íƒ€ë²„ìŠ¤ì˜ ë©‹ì§„ ëª¨ìŠµ ê¸°ëŒ€í•˜ê³  ì‘ì›í• ê²Œìš” ~ðŸ¤—ðŸ¤— @gnin132 @dwathe457 @jangjaewoo73
55,imeunhwa7821,ì°¸ì—¬ì™„ë£Œ ê°™ì´í•˜ìž @gjdlsdk @shin369999 @yunhui_4551 @yoom_yoom_yoom @jeonjeongweon57 @minjija1367 @mi.yuui @mono.7182 @jungmis_s
56,imeunhwa7821,ì°¸ì—¬ì™„ë£Œ ê°™ì´í•˜ìž @chanwonlovelove @merryhee @jungmis_s @t0_028 @eomminam5 @dressy4918 @jyb9608 @happyson9427 @eunjeong4551
57,o9o9gram,ê°€ìžê°€ìž êµ¬ê²½ê°€ìž ì„¸ê³„ìœ ì‚°ë„ì‹œë©”íƒ€ë²„ìŠ¤ðŸ‘ðŸ‘ @yokkmyeong @rrrrrrrrrrnnn
58,imeunhwa7821,"ì°¸ì—¬ì™„ë£Œ ê°™ì´í•˜ìž @yulma_mi
@dada.7705 @gmlw.jd5330 @luv_r720 @minmoo42 @gmlwjd8685 @hong__za @yejoechoe @yesman0024 @munhee2386"
59,gaminmam,ì„¸ê³„ìœ ì‚°ë„ì‹œê¸°êµ¬ ë©”íƒ€ë²„ìŠ¤ ì‘ì›í•©ë‹ˆë‹¤ ðŸ‘ðŸ‘ðŸ‘ðŸ‘ðŸ‘ðŸ’–ðŸ’ž @lleegamin @hwanyunlove @minmin_minimy ðŸ‘ðŸ‘
60,imeunhwa7821,"íŒ”ë¡œìš°ì™„ë£Œ ì•žìœ¼ë¡œ ì¢‹ì€ì†Œì‹ì •ë³´ ë¶€íƒë“œë ¤ìš” ì‘ì›í•©ë‹ˆë‹¤ ëŒ€ë°•ë‚˜ì„¸ìš” ì°¸ì—¬ì™„ë£Œ ê°™ì´í•˜ìž @aasllsskkaaa @jjiny818 @merryhee @kabg_san70 @iseunggi5161
@ggim0118 @wjsalswo3 @iam_2vely @isesi12"
61,mono.7182,"ì„¸ê³„ìœ ì‚°ë„ì‹œ ë©”íƒ€ë²„ìŠ¤ ê³µê°„ ì˜¤í”ˆ ì¶•í•˜í•´ìš”ðŸ˜íŒ”ë¡œìš°ì™„ë£Œâ™¡ì°¸ì—¬ì™„ë£Œ í•¨ê»˜í•´ìš”ðŸ™‚
@moun_s9 @aebeulri
@rumy9445 @aeri0919
@jylove7255 @sarangmam250
@nana0801love @laon_vip
@shin369999 @482lo_ve"
62,joy486486,ì„¸ê³„ìœ ì‚°ë„ì‹œì—ì‹œ ì„¸ê³„ìœ ì‚°ì„ í•œìžë¦¬ì—ì„œ ì‹¤ê°ë‚˜ê²Œ ë³¼ìˆ˜ ìžˆëŠ” ë©”íƒ€ë²„ìŠ¤ ì‹ ê¸°í•˜ê³  ìž¬ë¯¸ìžˆì–´ìš” ðŸ˜ íŒ”ë¡œìš°ì™„ë£Œ ì¢‹ì•„ìš”ê¾¸ìš± í•¨ê»˜í•´ìš” @nowadays8869 @songsongeee @hoya_nadoo @wjsalswo3 @yonsun74 @f111282 @sunghee3434 @jjiny818 @jungmis_s @seonmogo
63,yj423844,"ì„¸ê³„ìœ ì‚°ë„ì‹œê¸°êµ¬ ë©”íƒ€ë²„ìŠ¤ ì˜¤í”ˆì„ ì§„ì‹¬ìœ¼ë¡œ ì¶•íŒŒí•©ë‹ˆë‹¤ðŸ‘ðŸ‘ðŸ˜ðŸ˜ ì•žìœ¼ë¡œë„ ë©‹ì§„ê³µê°„ ë” í° ê´€ì‹¬ê³¼ ì‚¬ëž‘ ë“¬ë¿ë“¬ë¿ ë°›ìœ¼ì‹œê¸¸ ì‘ì› í•©ë‹ˆë‹¤ðŸ‘‹ðŸ»ðŸ‘‹ðŸ»ðŸ’•ðŸ’•ðŸ’•ðŸ’¯ðŸ’¯ðŸ’¯
@gimbuyeon88 @coemyeongsun2874 @ddangkong154 @loking_b_yujin @tm_ty_th_mom @minim_ini7656 @wharan777 @dnsql0721 @boomboomboom1110 @flowerman572"
64,maedduk5,ì„¸ê³„ ìœ ì‚°ë„ì‹œê¸°êµ¬ ë©”íƒ€ë²„ìŠ¤ #OWHC-AP ë§Žì€ ê´€ì‹¬ê³¼ ì‚¬ëž‘ë°›ê¸¸ ë°”ëžë‹ˆë‹¤. ì‘ì›ê°€ë“ë“œë ¤ìš”!! @saoukwife68 @bestbraless @dhtjswn100 @jsb53265267 @wwwa_1986 @rosegg8035 #íŒ”ë¡œìš° #ì¢‹ì•„ìš”
65,ttlove1386,"ë©”íƒ€ë²„ìŠ¤ ê³µê°„ ë„˜ ë§¤ë ¥ìžˆê³  ìžê¾¸ë³´ê²Œ ë¼ìš”â¤ï¸
ì„¸ê³„ìœ ì‚°ë„ì‹œê¸°êµ¬ ë©”íƒ€ë²„ìŠ¤ ì‘ì›í•©ë‹ˆë‹¤!
@you_me5425 @hahaha99899 @kimch_goods @i.m.smile_e @zakki820 @omm_o2 @yarime.e @hanul.2ya @chaeyoungevt @qqsice"
66,imeunhwa7821,ì°¸ì—¬ì™„ë£Œ ê°™ì´í•˜ìž @sjdjcjc730 @mjh4357 @ijunhyeog2835 @ioi3039 @eunhwahappy @yuseonyeong83 @munhee2386 @yejiinstaak @eunchan1417
67,gimbuyeon88,ì„¸ê³„ìœ ì‚°ë„ì‹œê¸°êµ¬ë©”íƒ€ë²„ìŠ¤ì˜¤í°ì¶•í•˜í•©ë‹ˆë‹¤ðŸ˜ë”ë§Žì€ê´€ì‹¬ê³¼ì‚¬ëž‘ë“¬ë¿ë°›ìœ¼ì‹œê¸¸ì‘ì›í•´ìš”ðŸ‘ðŸ‘ @yj423844 @yglee8809 @jiny0523 @mind1103
68,syhlove79,ì„¸ê³„ìœ ì‚°ë„ì‹œê¸°êµ¬ ë©”íƒ€ë²„ìŠ¤ ì˜¤í”ˆì„ ì§„ì‹¬ìœ¼ë¡œ ì¶•í•˜ë“œë¦½ë‹ˆë‹¤~! ì„¸ê³„ìœ ì‚°ì„ í•œëˆˆì— ë³¼ ìˆ˜ ìžˆëŠ” ë©”íƒ€ë²„ìŠ¤ ê³µê°„ì—ì„œ í•¨ê»˜ ë‘˜ëŸ¬ë´…ì‹œë‹¤ðŸ˜ @mudaebbow @gyenddl0316
69,imseonghun708,ì„¸ê³„ìœ ì‚°ë„ì‹œê¸°êµ¬ ë©”íƒ€ë²„ìŠ¤ ì˜¤í”ˆì„ ì¶•í•˜ë“œë¦½ë‹ˆë‹¤ ðŸŽ‰ ì•žìœ¼ë¡œë„ ë§Žì€ë¶„ë“¤ì—ê²Œ ë”ìš±ë” ì‚¬ëž‘ë°›ê¸¸ ì§„ì‹¬ìœ¼ë¡œ ì‘ì›í•©ë‹ˆë‹¤ ëŒ€ë°•ë‚˜ì„¸ìš” ðŸ™†â€â™‚ï¸ â¤ï¸ðŸ™† ì¸ì¹œë¶„ë“¤ í•¨ê»˜í•´ìš” ðŸ¤— @sdsj5639 @likeme5322 @mi_hyunlee @detui5375 @dressy4918 @oooooop78 @sooo.oow @ttjdqmffl_78 @jjiny818 @suny8180
70,yoom_yoom_yoom,ì„¸ê³„ìœ ì‚°ë„ì‹œ ë©”íƒ€ë²„ìŠ¤ í•¨ê»˜í•´ìš”ðŸ˜@vaho_0707 @suelee0704 @oyeongae2 @meangmiseon @meyerlemon1031 @eunjeong9208
71,breezeay33,ì„¸ê³„ìœ ì‚°ë„ì‹œê¸°êµ¬ ë©”íƒ€ë²„ìŠ¤ ì‘ì›í•©ë‹ˆë‹¤. ì´ˆëŒ€í•´ìš”!! @queen3mom72 @10ddbb10 @gjh112
72,seong.mrs,ê²½ì£¼ì‹œ OWHC-APì—ì„œ ì„¸ê³„ìœ ì‚°ë„ì‹œì™€ ì„¸ê³„ìœ ì‚°ë“¤ì„ í•œëˆˆì—ë³¼ìˆ˜ìžˆëŠ” ë©”íƒ€ë²„ìŠ¤ê³µê°„ ì˜¤í”ˆí–ˆëŒ€ìš”!ì„¸ê³„ìœ ì‚°ë„ì‹œê¸°êµ¬ ë©”íƒ€ë²„ìŠ¤ì˜¤í”ˆì„ ì¶•í•˜ë“œë ¤ìš”! ë§Žì€ë¶„ë“¤ì´ê´€ì‹¬ì„ê°€ì§€ê³  ì°¸ì—¬í• ìˆ˜ìžˆë„ë¡ ì†Œë¬¸ë‚´ê³  ì‘ì›í• ê»˜ìš”ðŸ‘ðŸ‘ íŒ”ë¡œìš°&ì¢‹ì•„ìš”&ë¦¬ê·¸ëž¨ì™„ë£Œâ¤ï¸https://www.instagram.com/p/ClUmEhEBKPY/?igshid=YmMyMTA2M2Y= @t0_028 @hojin.mom @dasom.skincare @heekyoung_4856 @jiyeonggim9777 @hk.shin1 @soobinqkr3340 í•¨ê»˜í•´ìš”!
73,moroccanasmr_officiel,ì„¸ê³„ìœ ì‚°ë„ì‹œê¸°êµ¬ ë©”íƒ€ë²„ìŠ¤ ì´ìš©í•˜ëŠ”ë° ì‹œí–‰ì°©ì˜¤ê°€ @mrs.btissame @bok_nami_meow @kawthar_maree â¤ï¸â¤ï¸
74,dotteria,#ì„¸ê³„ìœ ì‚°ë„ì‹œê¸°êµ¬ ë©”íƒ€ë²„ìŠ¤ ê³µê°„ ì˜¤í”ˆ ì¶•í•˜í•©ë‹ˆë‹¤ðŸŽ‰ ì°¸ì—¬ì™„ë£Œâ¤ï¸ í•¨ê»˜í•´ìš”~ @kimjimin6093 @kimcat_baby @jojeongsoun2989 @lovely.cat.family @blisshe_seolhwa @grain_cats0920 @han.yk8008 @bjse_1112 @luna_pponyo
75,jhjhjs5,ë©”íƒ€ë²„ìŠ¤ë¡œ ë§Œë‚˜ëŠ” ì„¸ê³„ìœ ì‚°ë„ì‹œê¸°êµ¬ ì–¸ì œë‚˜ ì‘ì›í•´ìš”â¤ï¸@jji_sam @copa_cosuni
76,ask_0202020,ì„¸ê³„ìœ ì‚°ê¸°êµ¬ ìš”ì¦˜ í•«í•œ ë©”íƒ€ë²„ìŠ¤ ì‘ì›í•©ë‹ˆë‹¤~~@man_go902 @jelli_jelly @bada_mom7 @1004.sv @evdonut @holy_moly_yelly @iziziz_iziziz @ju3390 @_hohofriend_ @jh_kim2
77,jjiny818,ðŸ’œì°¸ì—¬ì™„ë£ŒðŸ’œí•¨ê»˜í•´ìš”ðŸ˜Š @joy486486 @jiann_y3635 @jin__45629 @jeongjinbaeg2 @heaven_7179 @h.sangyeon @mono.7182 @moun_s9 @memame_89 @newstart.hj84
78,gimcangi4032,ì„¸ê³„ìœ ì‚°ë„ì‹œê¸°êµ¬ ë©”íƒ€ë²„ìŠ¤ ì˜¤í”ˆì„ ì§„ì‹¬ìœ¼ë¡œ ì¶•í•˜ë“œë¦½ë‹ˆë‹¤ ðŸ‘â¤ï¸ ì•žìœ¼ë¡œë„ ë§Žì€ ì‚¬ëž‘ ë°›ìœ¼ì‹œê¸¸ í•­ìƒ ì‘ì›í•˜ê² ìŠµë‹ˆë‹¤ ì¸ì¹œë‹˜ë“¤ ëª¨ë‘ í•¨ê»˜í•´ìš” ðŸ‘ðŸ˜Š ðŸŒ¸ðŸŒ¸ðŸŒ¸ðŸŒ¸ðŸŒ¸ðŸŒ¸ðŸŒ¸ðŸŒ¸ðŸŒ¸ðŸŒ¸ðŸŒ¸ #íŒ”ë¡œìš°ì™„ë£Œ #ì¢‹ì•„ìš”ì™„ë£Œ #ì°¸ì—¬ì™„ë£Œ âœ”â¤ï¸ @imjihyeon335 @goyang22 @pinkgirl3669 @misolovo @khk2160 ðŸ’—ðŸ’—ðŸ’—ðŸ’—ðŸ’—ðŸ’—ðŸ’—ðŸ’—ðŸ’—ðŸ’—ðŸ’—
79,see._.ub,"ì„¸ê³„ìœ ì‚°ë„ì‹œê¸°êµ¬ ë©”íƒ€ë²„ìŠ¤ ì‘ì›í•´ìš” ðŸ™Œ
@min6.22 @not.a.studios @onhwa_x_o @like_forky_"
80,jjiny818,ðŸ’œì°¸ì—¬ì™„ë£ŒðŸ’œí•¨ê»˜í•´ìš”ðŸ˜Š @imiseon97 @iyourhyou5 @ihyeonjeong2542 @iam_2vely @yong8735 @kem718570 @komram1004 @kingaza1136 @koeunme9700 @jj_k011
81,sahykim,ì„¸ê³„ìœ ì‚°ë„ì‹œê¸°êµ¬ ë©”íƒ€ë²„ìŠ¤ ë§Žì€ ì‚¬ëž‘ë°›ìœ¼ì‹œê¸¸ ì‘ì›í•˜ë©° ì†Œë¬¸ë‚´ìš” @aceshhs @cha1205cha
82,dltnwlsu_1,ì„¸ê³„ìœ ì‚°ë„ì‹œê¸°êµ¬ ë©”íƒ€ë²„ìŠ¤ ë§Žì€ ê´€ì‹¬ê³¼ ì‚¬ëž‘ë°›ê¸¸ ì‘ì›í•©ë‹ˆë‹¤ â¤ï¸  @jsmblue79 @jjjuuu777 @ops9911
83,jjiny818,ðŸ’œì°¸ì—¬ì™„ë£ŒðŸ’œí•¨ê»˜í•´ìš”ðŸ˜Š @soddong_00 @detui5375 @suk10167 @freechal44 @gimjiseon617 @goodd_199 @zut__hy @cathero6025 @wjsalswo3 @bumheemarx
84,yspark23,ë©”íƒ€ë²„ìŠ¤ì— ì„¸ê³„ìœ ì‚°ì„ êµ¬í˜„í•˜ë‹¤ë‹ˆ! ì •ë§ ë©‹ì§€ë„¤ìš”! @_imag0dei
85,jjiny818,ðŸ’œì°¸ì—¬ì™„ë£ŒðŸ’œí•¨ê»˜í•´ìš”ðŸ˜Š @namchoolkee7 @ttjdqmffl_78 @tms07689 @rosegg35_ @eomminam5 @aaallsskkaaa @simeunhye43 @sibokida @suny8180 @sdsj5639
86,yjyj1013,"ðŸŒˆ ì„¸ê³„ìœ ì‚°ë„ì‹œê¸°êµ¬ ë©”íƒ€ë²„ìŠ¤ì˜ ë©‹ì§„ ëª¨ìŠµ ì‘ì›í•©ë‹ˆë‹¤. ë§Žì€ ë¶„ë“¤ì˜ ì‚¬ëž‘ë°›ì•„ ë”ìš± ì˜ë¯¸ìžˆëŠ” ê³µê°„ì´ ë˜ì—ˆìœ¼ë©´ ì¢‹ê² ë„¤ìš”^^â¤
@58_hsj @blovek8
@soong_75 @perkyhm8305 @kwon5308 ( ã€‚â—•â€¿â—• ã€‚)"
87,u___yuuy,ì„¸ê³„ìœ ì‚° ë©”íƒ€ë²„ìŠ¤ ê²…í—˜ í•´ë´ìš” @archive @molit.g @OEeema_ @sl_sle231
88,jsmblue79,ì„¸ê³„ìœ ì‚°ë„ì‹œê¸°êµ¬ ë©”íƒ€ë²„ìŠ¤ ì‘ì›ê°€ë“ë“œë ¤ìš” ðŸ’–ðŸ’ðŸ’— @leesujin8207 @borana.kim0921 @kikia_0129 @mamam_1109
89,elly_0754,ì„¸ê³„ìœ ì‚°ì„ ë©”íƒ€ë²„ìŠ¤ë¡œ ë³¼ ìˆ˜ ìžˆë‹¤ë‹ˆ ì™„ì „ ê¸°ëŒ€ë©ë‹ˆë‹¤ðŸ‘ @min02469
90,dressy4918,"ð“’ð“¸ð“·ð“°ð“»ð“ªð“½ð“¾ð“µð“ªð“½ð“²ð“¸ð“·ð“¼!!
ì„¸ê³„ìœ ì‚°ë„ì‹œê¸°êµ¬ ë©”íƒ€ë²„ìŠ¤ ì˜¤í”ˆì„ ì§„ì‹¬ìœ¼ë¡œ ì¶•í•˜ë“œë¦½ë‹ˆë‹¤ðŸŽŠðŸŽ‰
ì•žìœ¼ë¡œë„ ë§Žì€ ì‚¬ëžŒë“¤ì—ê²Œ ì‚¬ëž‘ ë“¬ë¿ë°›ê¸°ë¥¼ íž˜ì°¨ê²Œ ì‘ì›í•©ë‹ˆë‹¤ðŸ™ŒðŸ™ŒðŸ”¥â¤ï¸
ì¸ì¹œë‹˜ë“¤ë„ í•¨ê»˜ ì°¸ì—¬í•´ìš”ðŸ˜Š
Ò‰ Ù©(à¹‘>Ï‰<à¹‘)Û¶Ò‰ o(*'â–½'*)/â˜†ï¾Ÿâ€™
@gjh112 @peach0242 @breezeay33 @sinsa088 @_mong__m @newstart.hj84 @jsb53265267 @saranimida @seonmogo @seon2563"
91,kbangel02,"ì „ ì„¸ê³„ í©ì–´ì§„ ì„¸ê³„ìœ ì‚°ë“¤ì„ í•œëˆˆì— ì²´í—˜í•  ìˆ˜ ìžˆëŠ”
ì„¸ê³„ìœ ì‚°ë„ì‹œê¸°êµ¬ ë©”íƒ€ë²„ìŠ¤
ë”ìš± ë§Žì€ ë¶„ë“¤ì´ í•¨ê»˜í•˜ì‹œê¸¸ ì‘ì›í•©ë‹ˆë‹¤!
ê°™ì´ ì²´í—˜í•´ë³´ìž ðŸ’• @jomiseon7445 @geunugjeon @haaapoom @ming_hanharu @1004helloo1004
@dbsgyal @seokgil"
92,ahj_1290,ë©”íƒ€ë²„ìŠ¤ë¡œ ì„¸ê³„ìœ ì‚°ì„ ì¦ê¸¸ ìˆ˜ ìžˆë‹¤ë‹ˆ! ë¬´ê¶ë¬´ì§„í•˜ë„¤ìš” ë©”íƒ€ë²„ìŠ¤ í™”ì´íŒ…ðŸ™ŒðŸ™Œ @han._star0 @jhoon2_._ @10000_.jong._2 @seunghee_221 @_.__0_uu
93,rroseroserosedayy,ì „ì„¸ê³„ ìœ ì‚°ë“¤ì„ ë©”íƒ€ë²„ìŠ¤ì—ì„œ ë§Œë‚˜ë³¼ìˆ˜ ìžˆëŽ… @rove012486 @o9o9gram
94,dsrkmoonsky,"ì„¸ê³„ìœ ì‚°ë„ì‹œê¸°êµ¬ ë©”íƒ€ë²„ìŠ¤ê°€ ì„¸ê³„ìœ ì‚°ë„ì‹œê¸°êµ¬ ë©”íƒ€ë²„ìŠ¤ê°€ ì•žìœ¼ë¡œ ë‹¤ì–‘í•œ ì„¸ê³„ìœ ì‚°ë„ì‹œì™€ ì„¸ê³„ìœ ì‚°ë“¤ì„ ìƒìƒížˆ ë§Œë‚˜ê³  ì²´í—˜í•´ë³¼ ìˆ˜ ìžˆëŠ” ì†Œì¤‘í•œ ê³µê°„ ë˜ê¸¸ ì‘ì›í•©ë‹ˆë‹¤
@hyunha202 @jaejae4544 @blueciel1982 @koeunme9700 @hvtillmann."
95,yjrpark4452,ì„¸ê³„ìœ ì‚°ë„ì‹œì™€ ì„¸ê³„ìœ ì‚°ë“¤ ì–¸ì œë“ ì§€ ë§Œë‚  ìˆ˜ ìžˆëŠ” ë©”íƒ€ë²„ìŠ¤ ê³µê°„ ì˜¤í”ˆì„ ì§„ì‹¬ìœ¼ë¡œ ì¶•í•˜ë“œë¦¬ê³ ìš”. ë§Žì€ ì‚¬ëž‘ë°›ê¸¸ ì‘ì›í•©ë‹ˆë‹¤~! @iamtonywife @hellohulryung í•¨ê»˜í•´ìš”~!
96,yumisong0301,"ì„¸ê³„ìœ ì‚°ë„ì‹œê¸°êµ¬ ë©”íƒ€ë²„ìŠ¤ ì˜¤í”ˆì„ ì™„ì „ ì¶•í•˜ë“œë¦¬ë©° ì‘ì›í•´ìš” @jewtia1977
@zoo1127"
97,ranchi76,#ì„¸ê³„ìœ ì‚°ë„ì‹œê¸°êµ¬ #ë©”íƒ€ë²„ìŠ¤ ì˜¤í”ˆì„ ì§„ì‹¬ìœ¼ë¡œ ì¶•í•˜ë“œë¦½ë‹ˆë‹¤~ðŸ˜Š ì„¸ê³„ìœ ì‚°ë„ì‹œê¸°êµ¬ ë©”íƒ€ë²„ìŠ¤ê°€ ì•žìœ¼ë¡œ ë‹¤ì–‘í•œ ì„¸ê³„ìœ ì‚°ë„ì‹œì™€ ì„¸ê³„ìœ ì‚°ë“¤ì„ ìƒìƒížˆ ë§Œë‚˜ê³  ì²´í—˜í•´ë³¼ ìˆ˜ ìžˆëŠ” ì†Œì¤‘í•œ ê³µê°„ìœ¼ë¡œ ë§Žì€ ì‚¬ëž‘ì„ ë°›ì„ ìˆ˜ ìžˆê¸¸ í•­ìƒ ì‘ì›í•˜ê² ìŠµë‹ˆë‹¤~â¤ï¸ ìš°ë¦¬ë„ ì–¼ë¥¸ í•¨ê»˜ ë°©ë¬¸í•´ë³´ìž~ðŸ˜† @bestchoi19 @danseo128 @semini_22
98,ne_10.3,ì„¸ê³„ìœ ì‚°ë„ì‹œê¸°êµ¬ì˜ ë©”íƒ€ë²„ìŠ¤ë¼ë‹ˆ!! ë§Žì€ ë¶„ë“¤ê»˜ ë§Žì€ ì‚¬ëž‘ ë°›ê¸¸ ì‘ì›í•©ë‹ˆë‹¤â¤ @nado_1170
99,bada_mom7,ì„¸ê³„ìœ ì‚°ë„ì‹œê¸°êµ¬ ì‹±í¬ë¡œìœ¨ 1000% ðŸ˜ ë©”íƒ€ë²„ìŠ¤ì—ì„œ ì „ ì„¸ê³„ ì„¸ê³„ìœ ì‚°ì„ í•œëˆˆì— ë³¼ìˆ˜ìžˆë‹¤ë‹ˆ ëŒ€ë°•ì´ë„¤ìš”ðŸ˜ ì‘ì›í•©ë‹ˆë‹¤ðŸ‘ðŸ‘ðŸ‘ @_hohofriend_ @ask_0202020 @seomerry @man_go902 @lovef_198 @1004.sv @ju3390 @bszin2 @iziziz_iziziz @evdonut
100,j__nagd,ì„¸ê³„ìœ ì‚°ë„ì‹œê¸°êµ¬ ë©”íƒ€ë²„ìŠ¤ ì‘ì›í•´ìš” â¤ï¸ @hong__0427 @young_k_ho @_salt_hanna @sung_jae_2
101,gyenddl0316,ì„¸ê³„ìœ ì‚°ë„ì‹œê¸°êµ¬ ë©”íƒ€ë²„ìŠ¤ ì˜¤í”ˆì„ ì§„ì‹¬ìœ¼ë¡œ ì¶•í•˜ë“œë ¤ìš”~! ë©”íƒ€ë²„ìŠ¤ë¥¼ í†µí•´ì„œ ë§Žì€ ì‚¬ëžŒë“¤ì´ ì„¸ê³„ìœ ì‚°ì— ëŒ€í•´ ê´€ì‹¬ì„ ê°€ì§€ê¸° ë°”ëžë‹ˆë‹¤ ì‘ì›ê°€ë“ë“œë ¤ìš”ðŸ˜ @mudaebbow @fbiksy0211 @mantou8311
102,peterpan0212,@woo_k97 ì„¸ê³„ìœ ì‚°ë„ì‹œ ë©”íƒ€ë²„ìŠ¤ ê³µê°„ì„ ì˜¤í”ˆí–ˆì–´ìš”!
103,scent0721,"#ì„¸ê³„ìœ ì‚°ë„ì‹œê¸°êµ¬ #ë©”íƒ€ë²„ìŠ¤ ì„¸ê³„ìœ ì‚°ë„ì‹œì™€ ì„¸ê³„ìœ ì‚°ë“¤ì„ í•˜ëˆˆì— ë³¼ ìˆ˜ ìžˆëŠ” ë©”íƒ€ë²„ìŠ¤ ì˜¤í”ˆì„ ì¶•í•˜ë“œë¦½ë‹ˆë‹¤ðŸŽŠðŸŽŠ ë§Žì€ ê´€ì‹¬ê³¼ ì‚¬ëž‘ë°›ê¸¸ ë°”ë¼ë©° ì‘ì›í•˜ê² ìŠµë‹ˆë‹¤!ðŸ’“ðŸ˜ŠðŸ’“

@king_cat_7 @sky123142 @sin_min_tang @kymmm_333 @catlove0915 @dressy4918 @kimbangwon7 @chanddo10 @han.yk8008 @ogi_gage
#owhc_ap #íŒ”ë¡œìš°ì™„ë£Œ #ì¢‹ì•„ìš”â¤ï¸"
104,pksiop1,"ì„¸ê³„ìœ ì‚°ë„ì‹œê¸°êµ¬ ë©”íƒ€ë²„ìŠ¤
ì •ë§ ë§ˆìŒì— ë“­ë‹ˆë‹¤.
@pksiop1"
105,kilhwa0611,@lhngia75 @eunhwa782 @dwathe457 @rlfkdos8551 @jangjaewoo73 @leehankyong @dongho8093 ì„¸ê³„ìœ ì‚°ë„ì‹œì™€ ì„¸ê³„ìœ ì‚°ë“¤ì„ ë©”íƒ€ë²„ìŠ¤ì—ì„œ í•œëˆˆì— ë³´ê¸°â£ï¸ðŸ˜ŠðŸ˜Š
106,izwizforever,ë©”íƒ€ë²„ìŠ¤ë¥¼ í†µí•´ ì„¸ê³„ìœ ì‚°ê³¼ ë„ì‹œë“¤ì„ ë³¼ ìˆ˜ ìžˆë‹¤ë‹ˆ ë„ˆë¬´ ë©‹ì§‘ë‹ˆë‹¤.ðŸ‘ðŸ» ì„¸ê³„ìœ ì‚°ë„ì‹œê¸°êµ¬ ë©”íƒ€ë²„ìŠ¤ê°€ ë„ë¦¬ ì•Œë ¤ì§€ê³  ì‚¬ëž‘ë°›ê¸¸ ì‘ì›í•´ìš”.ðŸ¥° @skyskycd @backforgood7
107,eee2_hs,ì„¸ê³„ìœ ì‚°ë„ì‹œê¸°êµ¬ ë©”íƒ€ë²„ìŠ¤ ì˜¤í”ˆì„ ì¶•í•˜í•©ë‹ˆë‹¤ ë§Žì€ ì‚¬ëžŒë“¤ì—ê²Œ ì‚¬ëž‘ë°›ê¸¸ ì‘ì›í•©ë‹ˆë‹¤ @emmaoh0 @moun_s9 @dakodagoyo
108,udacha_koun,ì„¸ê³„ìœ ì‚°ë„ì‹œê¸°êµ¬ ë©”íƒ€ë²„ìŠ¤ ì‘ì›í•©ë‹ˆë‹¤ @lmjlmj0208
109,jhjhyui,ì„¸ê³„ìœ ì‚°ë„ì‹œê¸°êµ¬ì˜ ë©”íƒ€ë²„ìŠ¤ ì‘ì›í•©ë‹ˆë‹¤! ì„¸ê³„ìœ ì‚°ë„ ë©”íƒ€ë²„ìŠ¤ë¡œ ðŸ™Œ @zz_ii_zz_oo
110,cyangirl1976,ì„¸ê³„ìœ ì‚°ë„ì‹œê¸°êµ¬ ë©”íƒ€ë²„ìŠ¤ ê³µê°„ ì˜¤í”ˆ ì¶•í•˜í•˜ê³  ì‘ì›í•©ë‹ˆë‹¤â¤ï¸ ëŠ˜ ë§Žì€ ì‚¬ëž‘ ë°›ê¸¸ ì›í•˜ê³  ë°”ëžë‹ˆë‹¤â¤ï¸ íŒ”ë¡œìš°ðŸ˜ì¢‹ì•„ìš”ðŸ˜ ì°¸ì—¬ì™„ë£ŒðŸ˜ @yoom_yoom_yoom @ieunjin470 @somangsae38 @vanbul77 @jeongminhwa904 @park.miyang
111,newraon,"íŒ”ë¡œìš°ëž‘ ì¢‹ì•„ìš” ê¾¹ê¾¹ ðŸ˜‡ðŸ’–ì„¸ê³„ìœ ì‚°ë„ì‹œê¸°êµ¬ ë©”íƒ€ë²„ìŠ¤ ì‘ì›í•´ìš” â¤ï¸â¤ï¸
@xoxowave00 í–‰ìš´ì´ ì˜¤ê¸¸ ë°”ë¼ìš” ë‘êµ¬ë‘êµ¬ðŸ€ðŸ’Ÿ"
112,yusoyi9,ì„¸ê³„ìœ ì‚°ë„ì‹œê¸°êµ¬ë©”íƒ€ë²„ìŠ¤ì‘ì› ì •ìž¬ì—… ê¹€ìž¬ì—°
113,cjhee0125,ì„¸ê³„ìœ ì‚°ë„ì‹œê¸°êµ¬ ë©”íƒ€ë²„ìŠ¤ ì‘ì›í•©ë‹ˆë‹¤ ðŸ§¡ @sjsjsjsj_12341234 @dltnwlsu_1
114,sek82,ì„¸ê³„ìœ ì‚°ë„ì‹œê¸°êµ¬ ë©”íƒ€ë²„ìŠ¤ ì‘ì›í•©ë‹ˆë‹¤ ðŸ’œ @roseeuna7 @giseon7722 í•¨ê»˜í•´ìš”^^
115,girlsbiok,ì„¸ê³„ìœ ì‚°ë„ì‹œê¸°êµ¬ ë©”íƒ€ë²„ìŠ¤ ì™„ì „ ë©‹ì§€ë„¤ìš”~ ì¹œêµ¬ë“¤ì—ê²Œ ì•Œë¦¬ë©° ì‘ì›í•©ë‹ˆë‹¤ @yanox_gold @clint_chaa @plusyou1205 @lipsticher
116,123a23aaa,ì„¸ê³„ìœ ì‚°ë„ì‹œê¸°êµ¬ ë©”íƒ€ë²„ìŠ¤ë¥¼ ì‘ì›í•©ë‹ˆë‹¤ @ttktktkktktktktk
117,t0_028,"ë©”íƒ€ë²„ìŠ¤ë¡œ ì„¸ê³„ìœ ì‚°
í•œëˆˆì— ë³´ë¼ ê°€ìž
@kang45244524 @freechal44 @yunhui_4551 @616jin1212 @gimjiseon617 @memame_89"
118,cloncsy,ê²½ì£¼ì‹œ OWHC-APì—ì„œ ì„¸ê³„ìœ ì‚­ë„ì‹œì™€ ì„¸ê³„ìœ ì‚°ë“¤ì„ í•œ ëˆˆì— ë³¼ ìˆ˜ ìžˆëŠ” ë©”íƒ€ë²„ìŠ¤ ê³µê°„ OPENì„ ì§„ì‹¬ìœ¼ë¡œ ì¶•í•˜ë“œë¦½ë‹ˆë‹¤ ì•žìœ¼ë¡œë„ ì‚¬ëž‘ ë“¬ë¿ë°›ìœ¼ì„¸ìš”â¤ï¸ @minji_8686 @leemiran1633
119,wany1866,ì„¸ê³„ìœ ì‚°ë„ì‹œê¸°êµ¬ ë©”íƒ€ë²„ìŠ¤ ì˜¤í”ˆì„ ì¶•í•˜í•©ë‹ˆë‹¤. ì´ì   ë©”íƒ€ë²„ìŠ¤ ì†ì—ì„œ ì„¸ê³„ìœ ì‚°ë“¤ì„ í•œëˆˆì— ë³¼ìˆ˜ ìžˆë‹¤ë‹ˆ ë„ˆë¬´ ì¢‹ì•„ìš”ðŸ˜ @hyein8765 @sa00sa18
120,seungilpark,ì„¸ê³„ìœ ì‚°ë„ì‹œê¸°êµ¬ ë©”íƒ€ë²„ìŠ¤ì— ë§Žì€ë¶„ë“¤ì´ ì°¿ì•„ì˜¤ì…” ì„¸ê³„ìœ ì‚°ë„ì‹œì™€ ì„¸ê³„ìœ ì‚°ì„ ë³´ì‹¤ìˆ˜ ìžˆê¸¸ ë°”ëžë‹ˆë‹¤~!!https://www.instagram.com/p/ClUpxHnBXYu/?igshid=YmMyMTA2M2Y= @delay_128 @iaesugyeo @thingochue í•¨ê»˜í•´ìš”~â™¡
121,guin_guini,"ì„¸ê³„ìœ ì‚°ë„ì‹œê¸°êµ¬ ë©”íƒ€ë²„ìŠ¤ ì˜¤í”ˆì„ ì§„ì‹¬ìœ¼ë¡œ ì¶•í•˜ë“œë ¤ìš”~ ì§ì§ì§ â¤
í•¨ê»˜í•˜ë©´ì„œ ë§Žì€ ë¶„ë“¤ì´ íž˜ì„ ì–»ì„ìˆ˜ ìžˆê³  í–‰ë³µì„ ê°€ë“ ë‹´ì„ìˆ˜ ìžˆì—ˆìœ¼ë©´ ì¢‹ê² ì–´ìš”~
ìš°ë¦¬ í•¨ê»˜ ì–¸ì œë‚˜ ë°œì „í•˜ëŠ” ë©‹ì§„ ëª¨ìŠµ ë§Œë“¤ì–´ê°€ìžêµ¬ìš”~ í•¨ê»˜ìš”âœ¨ðŸ’œ
@gugunine99 @benequeen111 í•¨ê»˜í•´ìš”~"
122,koeunme9700,ì„¸ê³„ìœ ì‚°ë„ì‹œê¸°êµ¬ ë©”íƒ€ë²„ìŠ¤ ì‘ì›í•©ë‹ˆë‹¤ðŸ’›ðŸ’›ðŸ’›
123,fbiksy0211,ì„¸ê³„ìœ ì‚°ë„ì‹œ ë©”íƒ€ë²„ìŠ¤ ì˜¤í”ˆì„ ì¶•í•˜í•©ë‹ˆë‹¤. ^^ ì„¸ê³„ìœ ì‚°ë„ì‹œê¸°êµ¬ ë©”íƒ€ë²„ìŠ¤ë„ˆë¬´ ì´ë»ìš” ^^ @wany1866 @hyein8765
124,pudding_story_roy,ë§Žì€ ë¶„ë“¤ì—ê²Œ ì‚¬ëž‘ ë°›ëŠ” ê²½ì£¼ì‹œì˜ ì„¸ê³„ìœ ì‚°ë„ì‹œê¸°êµ¬ ë©”íƒ€ë²„ìŠ¤ ê³µê°„ì´ ë˜ê¸°ë¥¼ ë°”ë¼ê³  ì–¸ì œë‚˜ í•¨ê»˜í•˜ë©° í•­ìƒ ì‘ì›í• ê»˜ìš”ðŸ’› @navijong @wowowowow145 @honing0923 @skacjfrl @namchoolkee7 @ssongi_23 @jin27550 @shine_3829 @gimseongyeon5139 @gongnamol
125,chulhyun3965,ì„¸ê³„ìœ ì‚°ë„ì‹œê¸°êµ¬ ë©”íƒ€ë²„ìŠ¤ ë§Žì€ ê´€ì‹¬ê³¼ ì‚¬ëž‘ ì‘ì›í•©ë‹ˆë‹¤ â¤ï¸ ìš°ë¦¬ í•¨ê»˜í•˜ìž @gimmiryang474
126,thstml,"ì„¸ê³„ìœ ì‚°ë„ì‹œê¸°êµ¬ ë©”íƒ€ë²„ìŠ¤ ì‘ì›í•©ë‹ˆë‹¤

@tvcty2021 @konge_2020

https://www.instagram.com/p/ClTnr8tShol/?utm_source=ig_web_copy_link"
127,ss_r_g,"ì„¸ê³„ìœ ì‚°ë„ì‹œì™€ ì„¸ê³„ìœ ì‚°ë“¤ì„ ë©”íƒ€ë²„ìŠ¤ ê³µê°„ì—ì„œ ë§Œë‚˜ìžâ¤ï¸
@f_llteji_ @sueprout_ @zi_dorkan3 @sinabro5"
128,ddangkong154,"#ì„¸ê³„ìœ ì‚°ë„ì‹œê¸°êµ¬ ë©”íƒ€ë²„ìŠ¤ ì˜¤í”ˆ ì¶•í•˜ë“œë ¤ìš”ðŸ˜ðŸ˜ ë§Žì€ ë¶„ë“¤ì´ ë°©ë¬¸í•´ ì²´í—˜í•˜ê³  ì¦ê¸¸ ìˆ˜ ìžˆë„ë¡ ì†Œë¬¸ë‚¼ê²Œìš”â¤ï¸â¤ï¸ë§Žì€ ì‚¬ëž‘ ë°›ìœ¼ì‹œê¸¸ ë°”ëž„ê²Œìš”~ðŸ¤—ðŸ¤—ðŸ˜Šê°™ì´í•´ìš”ðŸ˜ðŸ‘
ðŸ€@cshoon3136
ðŸ€@iseunggi516
ðŸ€@mono.7182
ðŸ€@zani7.9
ðŸ€@yunhui_4551
ðŸ€@re_can2003 ðŸ€@sson0980
ðŸ€@jo_ys1779
ðŸ€@kopecpsa0
ðŸ€@ejej1215"
129,c.ookieday,"#ì„¸ê³„ìœ ì‚°ë„ì‹œê¸°êµ¬ ë©”íƒ€ë²„ìŠ¤ ì˜¤í”ˆ ì¶•í•˜ë“œë ¤ìš” ðŸ™Œâ¤ï¸ ë§Žì€ ì‚¬ëž‘ ë°›ìœ¼ì„¸ìš” â¤ï¸ë©”íƒ€ë²„ìŠ¤ì—ì„œ ì „ ì„¸ê³„ ì„¸ê³„ìœ ì‚°ì„ í•œ ëˆˆì— ë³¼ìˆ˜ ìžˆë‹¤ë‹ˆ ë„ˆë¬´ ê¸°ëŒ€ë¼ìš” !! â¤ï¸â¤ï¸â¤ï¸ ê’°âá´—ÍˆË¬á´—Íˆê’± ðŸŒ¸ðŸŒ¸ðŸ¥³ðŸ’Ž à¼„

@roomwa_veblue @k1me.e.u.nhee @cherr_y_shower @loii.yuna__ @o_nseouiiio @jelim___night"
130,hojin.mom,"íŒ”ë¡œìš°, ì¢‹ì•„ìš”, ë¦¬ê·¸ëž¨ì™„ë£Œâ¤ï¸ https://www.instagram.com/p/ClbI1C3JPOF/?igshid=YmMyMTA2M2Y= ì„¸ê³„ìœ ì‚°ë„ì‹œê¸°êµ¬ OWHC-APì—ì„œ ì„¸ê³„ìœ ì‚°ë„ì‹œì™€ ì„¸ê³„ìœ ì‚°ë“¤ì„ í•œëˆˆì—ë³´ìž ~~ ì°¸ì—¬ì™„ë£Œâ¤ï¸ @dasom.skincare @1030.1013 @hk.shin1 @seong.mrs @heekyoung_4856"
131,eunok.1216,"ðŸ’ŸðŸ’›ðŸ’“ðŸ’›  #ì„¸ê³„ìœ ì‚°ë„ì‹œê¸°êµ¬ #ë©”íƒ€ë²„ìŠ¤ì—¬í–‰ ðŸ‘‰ ë©”íƒ€ë²„ìŠ¤ë¡œ ì„¸ê³„ìœ ì‚°ë‘˜ì„ í•œëˆˆì— ë³¼ìˆ˜ìžˆë‹¤ë‹ˆ ë„ˆë¬´ ê¸°ëŒ€ë˜ë„¤ìš”~!! â™¡ í•¨ê»˜ ì°¸ì—¬í•´ìš”~  ðŸ’›ðŸ’“ðŸ’›ðŸ’Ÿ 
âœ…ì¹œêµ¬ì†Œí™˜ì™„ë£Œ
âœ…íŒ”ë¡œìš°ì™„ë£Œ 
âœ…ì¢‹ì•„ìš”ì™„ë£Œ  ðŸ€ðŸ€
ë‹¤ì–‘í•˜ê³  ìœ ìµí•œ ì •ë³´ë“¤ê³¼ ì´ë²¤íŠ¸ì— ê°ì‚¬ë“œë¦½ë‹ˆë‹¤~ðŸŒ¸      
ì•žìœ¼ë¡œë„ ë§Žì€ ì‚¬ëž‘ ë°›ìœ¼ë©° ë²ˆì°½í•˜ì‹œê¸¸ ë°”ëž„ê»˜ìš”~ ^^
í–‰ë³µí•œì¼ë§Œ ê°€ë“í•˜ì„¸ìš”~~~ðŸ’™
ðŸ’Ÿ @shin369999
ðŸ’Ÿ @gweongyeongsun39
ðŸ’Ÿ @sandy__0305
ðŸ’Ÿ @taeng.e.taeng.e
ðŸ’Ÿ @taejin.jeon.18 
ðŸ’Ÿ @2yu.emo______
ðŸ’Ÿ @zoakap2882 ðŸ‘ðŸ‘ðŸ‘"
132,seoyonghun9600,ì„¸ê³„ìœ ì‚°ë„ì‹œê¸°êµ¬ ë©”íƒ€ë²„ìŠ¤ ì‘ì›í•©ë‹ˆë‹¤ðŸ’›
133,knou4361,ì„¸ê³„ìœ ì‚°ë„ì‹œê¸°êµ¬ë©”íƒ€ë²„ìŠ¤ open ì§„ì‹¬ìœ¼ë¡œ ì¶•í•˜í•´ìš” ì†Œí†µí•˜ê³  ì‘ì›í•¨ë‹ˆë‹¤ @kanopus8348 @a13537200 @facegil2 @bbolguri ì´ˆëŒ€í•¨ë‹ˆë‹¤
134,dda.ran97,ì˜¤ ì§„ì§œ í•œêµ­ì ì¸ ë©”íƒ€ë²„ìŠ¤ë„¤ìš”ðŸ˜ êµ¬ê²½ê°ˆê²Œì˜¤â¤ï¸ @haddu.it
135,yurina798,ì•„ì´ëž‘ ê¼­ë³´ëŸ¬ê°ˆê»˜ìš” ì„±ê³µì ì¸ ê°œìµœ ì‘ì›í•©ë‹ˆë‹¤ðŸ’œðŸ˜Š@kgg07040904
136,jewjei,"ì„¸ê³„ìœ ì‚°ë„ì‹œê¸°êµ¬ ë©”íƒ€ë²„ìŠ¤ ì‘ì›í•©ë‹ˆë‹¤
@leonidovvw @lilbabygirl932 @rhdmswl00000"
137,goldandy20,ë©”íƒ€ë²„ìŠ¤ ê³µê°„ ì˜¤í”ˆì„ ì§„ì‹¬ìœ¼ë¡œ ì¶•í•˜ í•©ë‹ˆë‹¤ @onair0714
138,nurifineman,ì„¸ê³„ìœ ì‚°ë„ì‹œê¸°êµ¬ì˜ ë©”íƒ€ë²„ìŠ¤ ë§Žì€ ê´€ì‹¬ê³¼ ì‚¬ëž‘ ë°›ê¸°ë¥¼ ì‘ì›í•©ë‹ˆë‹¤. ì¹œêµ¬ë“¤ì•„ í•¨ê»˜ ì°¸ì—¬í•˜ìž. @greenland1_33 @geniuspark9
139,ddangkong154,"#ì„¸ê³„ìœ ì‚°ë„ì‹œê¸°êµ¬ ë©”íƒ€ë²„ìŠ¤ ì˜¤í”ˆ ì¶•í•˜ë“œë ¤ìš”ðŸ˜ðŸ˜ ë§Žì€ ë¶„ë“¤ì´ ë°©ë¬¸í•´ ì²´í—˜í•˜ê³  ì¦ê¸¸ ìˆ˜ ìžˆë„ë¡ ì†Œë¬¸ë‚¼ê²Œìš”â¤ï¸â¤ï¸ë§Žì€ ì‚¬ëž‘ ë°›ìœ¼ì‹œê¸¸ ë°”ëž„ê²Œìš”~ðŸ¤—ðŸ¤—ðŸ’šì–´ë ¤ìš´ ì‹œê¸°ì— ížë§ì´ ë˜ëŠ” ì¦ê±°ìš´ ì´ë²¤íŠ¸ ì—´ì–´ì£¼ì…”ì„œ ë„ˆë¬´ ê°ì‚¬í•©ë‹ˆë‹¤ðŸ˜Šë•ë¶„ì— ì§€ì¹œ ë§ˆìŒì— íž˜ì„ ì–»ì–´ê°€ë„¤ìš”~ðŸ¤—ðŸ¤—ðŸ¤—ì•žìœ¼ë¡œ ë‹¤ì–‘í•œ ì†Œì‹ê³¼ ìœ ìµí•œ ì •ë³´ ë§Žì´ ë¶€íƒë“œë¦¬ê³ , ë§Žì€ ì‚¬ëž‘ê³¼ ì„±ì›ìœ¼ë¡œ ìŠ¹ìŠ¹ìž¥êµ¬í•˜ì‹œê¸¸ ë°”ëž„ê²Œìš”ðŸ«°ðŸ«°ðŸ’œðŸ’œ
ðŸ«¶â”â”â”â”â”â”â”â”â”â”â”â”â”â”â”ðŸ«¶
ðŸŽ@min147282 ðŸŽ@moun_s9
ðŸŽ@eunok.1216 ðŸŽ@taeng.e.taeng.e
ðŸŽ@gimjiseon617 ðŸŽ@peachlike1004 ðŸŽ@dressy4918
ðŸŽ@hanyumi777 ðŸŽ@gmlwjd8685 ðŸŽ@c3021092"
140,mintyeon0113,ì„¸ê³„ìœ ì‚°ë„ì‹œê¸°êµ¬ ë©”íƒ€ë²„ìŠ¤ ì‘ì›í•©ë‹ˆë‹¤!!! @kayeoniii @hyosun1223 @helloohe
141,uulsy6,ì„¸ê³„ìœ ì‚°ë„ì‹œê¸°êµ¬ ë©”íƒ€ë²„ìŠ¤ ë§Žì€ ê´€ì‹¬ê³¼ ì‚¬ëž‘ë°›ê¸¸ ì‘ì›í• ê²Œìš”!~~ @ironbikee @kamercho
142,siroiusagi0305,"#ì„¸ê³„ìœ ì‚°ê¸°êµ¬ë©”íƒ€ë²„ìŠ¤ #ë©”íƒ€ë²„ìŠ¤ê³µê°„ì˜¤í”ˆ#ì†Œë¬¸ëƒ…ë‹ˆë‹¤ðŸ’—ðŸ’—ðŸ’— #ì‘ì›í•©ë‹ˆë‹¤ðŸŒðŸŒðŸŒðŸŒðŸŒðŸŒðŸŒ #ì°¸ì—¬ì™„ë£Œ ðŸ”°ðŸ”°ðŸ”°ðŸ”°
.
.
.
âšœâšœâšœâšœâšœâšœâšœâšœâšœâšœ
#ì¢‹ì•„ìš”ðŸœðŸœðŸœ Í™Í›#ì´ë²¤íŠ¸_ì°¸ì—¬ì™„ë£ŒðŸœðŸœðŸœ
#íŒ”ë¡œìš°_ì™„ë£Œ
âšœâšœâšœâšœâšœâšœâšœâšœ
@ley9989ðŸ’Ž@tropicdeepblueðŸ’Ž @jeongdonghyi2973ðŸ’Ž@purpleviolet37ðŸ’Ž @tiffanyjinaðŸ’Ž@ju___an08ðŸ’Ž
@ihyeonmin9ðŸ’Ž@jiwoo.myoungðŸ’Ž@ihyeonmin6572ðŸ’Ž@yuki6423748 í•¨ê»˜í•˜ìž.ðŸ”°ðŸ”°ðŸ”°ðŸ”°"
143,qwwert1245q,ì„¸ê³„ìœ ì‚°ë„ì‹œê¸°êµ¬ ë©”íƒ€ë²„ìŠ¤ ì‘ì›í•©ë‹ˆë‹¤ @park_ok_soon_
144,ddangkong154,"#ì„¸ê³„ìœ ì‚°ë„ì‹œê¸°êµ¬ ë©”íƒ€ë²„ìŠ¤ ì˜¤í”ˆ ì¶•í•˜ë“œë ¤ìš”ðŸ˜ðŸ˜ ë§Žì€ ë¶„ë“¤ì´ ë°©ë¬¸í•´ ì²´í—˜í•˜ê³  ì¦ê¸¸ ìˆ˜ ìžˆë„ë¡ ì†Œë¬¸ë‚¼ê²Œìš”â¤ï¸â¤ï¸ë§Žì€ ì‚¬ëž‘ ë°›ìœ¼ì‹œê¸¸ ë°”ëž„ê²Œìš”~ðŸ¤—ðŸ¤—â—'â—¡'â—ê°™ì´í•´ìš”ðŸ˜ŠðŸ˜ŠðŸ˜Š
ðŸ€@pcass79
ðŸ€@cingca99_
ðŸ€@minjunymom
ðŸ€@yanguseog8781
ðŸ€@kyoung_wp
ðŸ€@moggonkim
ðŸ€@imeunhwa7821 ðŸ€@luvring02
ðŸ€@pk.jin
ðŸ€@jena_musk"
145,eunok.1216,"âœ… ì¸ì¹œë‹˜ë“¤ë„ í•¨ê»˜ ì°¸ì—¬í•´ìš”~â™¡
ðŸ’› @kimarazzang_
ðŸ’› @dressy4918
ðŸ’› @dall2940
ðŸ’› @ddangkong154
ðŸ’› @pooh_100503
ðŸ’› @yunhui_4551
ðŸ’› @skdoak77       ðŸ’“ðŸ’“ðŸ’“"
146,grain_cats0920,"#ì„¸ê³„ìœ ì‚°ë„ì‹œê¸°êµ¬ ë©”íƒ€ë²„ìŠ¤ ì˜¤í”ˆ ì¶•í•˜ë“œë ¤ìš” !! ì´ë²¤íŠ¸ ì°¸ì—¬ ì™„ë£Œ ë”ìš± ë§Žì€ ê´€ì‹¬ ë°›ìœ¼ì…¨ìœ¼ë©´ ì¢‹ê² ë„¤ìš” ã…Žã…Ž
@king_cat_7 @name_olly @c_ree_am @kyu_wl__0324 @ko_mo_do_ @vely_love @adorable_saaarang @ddangkongmaru
@65c_73mk_j @dotteria"
147,qggqgg999,ì„¸ê³„ìœ ì‚° ë©”íƒ€ë²„ìŠ¤ ê²…í—˜ í•´ë´ìš” @rookie127127 @peterpan0212
148,ddangkong154,"#ì„¸ê³„ìœ ì‚°ë„ì‹œê¸°êµ¬ ë©”íƒ€ë²„ìŠ¤ ì˜¤í”ˆ ì¶•í•˜ë“œë ¤ìš”ðŸ˜ðŸ˜ ë§Žì€ ë¶„ë“¤ì´ ë°©ë¬¸í•´ ì²´í—˜í•˜ê³  ì¦ê¸¸ ìˆ˜ ìžˆë„ë¡ ì†Œë¬¸ë‚¼ê²Œìš”â¤ï¸â¤ï¸ë§Žì€ ì‚¬ëž‘ ë°›ìœ¼ì‹œê¸¸ ë°”ëž„ê²Œìš”~ðŸ¤—ðŸ¤—â—'â—¡'â— ê°™ì´í•´ìš”ðŸ˜ŠðŸ˜ŠðŸ¤—
ðŸ€@min75422
ðŸ€@yeo_eunju83
ðŸ€@happyminjeong77 ðŸ€@25802580abcsong ðŸ€@lee51272020 ðŸ€@dada.7705
ðŸ€@siwoliiii
ðŸ€@nymphe_83 ðŸ€@taejin.jeon.18
ðŸ€@hyejjongii"
149,ddangkong154,"#ì„¸ê³„ìœ ì‚°ë„ì‹œê¸°êµ¬ ë©”íƒ€ë²„ìŠ¤ ì˜¤í”ˆ ì¶•í•˜ë“œë ¤ìš”ðŸ˜ðŸ˜ ë§Žì€ ë¶„ë“¤ì´ ë°©ë¬¸í•´ ì²´í—˜í•˜ê³  ì¦ê¸¸ ìˆ˜ ìžˆë„ë¡ ì†Œë¬¸ë‚¼ê²Œìš”â¤ï¸â¤ï¸ë§Žì€ ì‚¬ëž‘ ë°›ìœ¼ì‹œê¸¸ ë°”ëž„ê²Œìš”~ðŸ¤—ðŸ¤—â—'â—¡'â— ê°™ì´í•´ìš”~~ðŸ˜Š
ðŸ€@yuseonyeong83 ðŸ€@samsam1061hj ðŸ€@kkk434678
ðŸ€@raon202
ðŸ€@meow_explorer ðŸ€@seonyeong6069 ðŸ€@cheon_sunny_
ðŸ€@ioi3039
ðŸ€@shin369999
ðŸ€@rabbitrin0118"
150,nuri_chuu,ì„¸ê³„ìœ ì‚°ë„ì‹œê¸°êµ¬ ë©”íƒ€ë²„ìŠ¤ OPEN ì†Œì‹ ê³µìœ í•´ì¤„ê²Œ~~ ì„¸ê³„ìœ ì‚°ë„ì‹œê¸°êµ¬ ë©”íƒ€ë²„ìŠ¤ ì•žìœ¼ë¡œë„ ë§Žì€ í™œì•½ ê¸°ëŒ€í•˜ê³  ì‘ì›í• ê²Œìš”! ìŠ¹ìŠ¹ìž¥êµ¬ ê°€ì¦ˆì•„~!â¤ðŸ§¡ðŸ’›ðŸ’šðŸ’™ðŸ’œ @z__soooou
151,gusgml1107,íŒ”ë¡œìš°ì™„ë£Œ. ì„¸ê³„ìœ ì‚°ë„ì‹œê¸°êµ¬ ë©”íƒ€ë²„ìŠ¤ ì‘ì›í•©ë‹ˆë‹¤. @wogur1210
152,hi.eun1,"ì„¸ê³„ìœ ì‚°ë„ì‹œê¸°êµ¬ ë©”íƒ€ë²„ìŠ¤ ì˜¤í”ˆ ì§„ì‹¬ìœ¼ë¡œ ì¶•í•˜ë“œë ¤ìš”!ðŸ‘ðŸ‘ðŸ‘ íŒ”ë¡œìš° ì™„ë£Œâœ”ï¸
ì¢‹ì•„ìš” ì™„ë£Œâœ”ï¸
ëª¨ë“  ê´€ê³„ìžë¶„ë“¤ ì´ë ‡ê²Œ ì´ë²¤íŠ¸ ì—´ì–´ì£¼ì…”ì„œ ê°ì‚¬í•´ìš”
ë•ë¶„ì— í•­ìƒ ì¦ê²ê³  í–‰ë³µí•œ í•˜ë£¨ ë³´ë‚¼ ìˆ˜ ìžˆëŠ”ê±° ê°™ì•„ìš”!
ëª¨ë‘ í•­ìƒ ì ê²Œ ì¼í•˜ê³  ë§Žì´ ë²„ì„¸ìš”
ê·¸ë¦¬ê³  ê±°ë¦¬ë‘ê¸°ë„ í’€ë ¸ì§€ë§Œ ì•„ì§ê¹Œì§„ ì½”ë¡œë‚˜ ì¡°ì‹¬í•˜ì‹œê³  ê±´ê°• ìž˜ ì±™ê¸°ì„¸ìš”!
ì•žìœ¼ë¡œë„ ì­‰ ì§€ê¸ˆë³´ë‹¤ ë” ë§Žì€ ì‚¬ëž‘ê³¼ ê´€ì‹¬ ë°›ê¸¸ ì €ë„ ì‘ì›í•˜ë©´ì„œ ì¹œêµ¬ë“¤ê³¼ ë§Žì€ ì‚¬ëžŒë“¤ì—ê²Œ ë„ë¦¬ ë„ë¦¬ ì•Œë¦´ê²Œìš”
@id4455123
@je96092
@shsvsbh27782"
153,toctoc0909,ì„¸ê³„ìœ ì‚°ë„ì‹œê¸°êµ¬ ë©”íƒ€ë²„ìŠ¤ ì˜¤í”ˆ ì¶•í•˜ë“œë¦½ë‹ˆë‹¤ ì‘ì›í•´ìš” ðŸ‘ðŸ‘ðŸ‘ðŸ‘ @koreakorea1004
154,eunok.1216,"âœ… ì¸ì¹œë‹˜ë“¤ë„ í•¨ê»˜ ì°¸ì—¬í•´ìš”~â™¡
ðŸŒ¸ @jungmis_s 
ðŸŒ¸ @priapus1130 
ðŸŒ¸ @pwb_casa
ðŸŒ¸ @nymphe_83 
ðŸŒ¸ @leejiyoung1007 
ðŸŒ¸ @kimgyojin777
ðŸŒ¸ @gimjiseon617       ðŸ’“ðŸ’“ðŸ’“"
155,wlqtl_79_dudls,"ì„¸ê³„ìœ ì‚°ë„ì‹œê¸°êµ¬ ë©”íƒ€ë²„ìŠ¤ open ì¶•í•˜í•´ìš”. ^^&
@purinua @bibiaa7744 @ouuii078_11
@kivivi577 ìž¬ë°ŒëŠ” ë©”íƒ€ë²„ìŠ¤ ì„¸ìƒìœ¼ë¡œ ê³ ê³ ì”½ ~"
156,ddangkong154,"#ì„¸ê³„ìœ ì‚°ë„ì‹œê¸°êµ¬ ë©”íƒ€ë²„ìŠ¤ ì˜¤í”ˆ ì¶•í•˜ë“œë ¤ìš”ðŸ˜ðŸ˜ ë§Žì€ ë¶„ë“¤ì´ ë°©ë¬¸í•´ ì²´í—˜í•˜ê³  ì¦ê¸¸ ìˆ˜ ìžˆë„ë¡ ì†Œë¬¸ë‚¼ê²Œìš”â¤ï¸â¤ï¸ë§Žì€ ì‚¬ëž‘ ë°›ìœ¼ì‹œê¸¸ ë°”ëž„ê²Œìš”~ðŸ¤—ðŸ¤—â—'â—¡'â—ê°™ì´í•´ìš”ðŸ˜ŠðŸ˜Š
ðŸ€@acorn9268
ðŸ€@ghj_2322
ðŸ€@minim_ini7656 ðŸ€@yejoechoe
ðŸ€@vitna98 ðŸ€@belcanto0179
ðŸ€@gimgim6250
ðŸ€@ssm361
ðŸ€@2yu.emo______
ðŸ€@justone1098"
157,ddangkong154,"#ì„¸ê³„ìœ ì‚°ë„ì‹œê¸°êµ¬ ë©”íƒ€ë²„ìŠ¤ ì˜¤í”ˆ ì¶•í•˜ë“œë ¤ìš”ðŸ˜ðŸ˜ ë§Žì€ ë¶„ë“¤ì´ ë°©ë¬¸í•´ ì²´í—˜í•˜ê³  ì¦ê¸¸ ìˆ˜ ìžˆë„ë¡ ì†Œë¬¸ë‚¼ê²Œìš”â¤ï¸â¤ï¸ë§Žì€ ì‚¬ëž‘ ë°›ìœ¼ì‹œê¸¸ ë°”ëž„ê²Œìš”~ðŸ¤—ðŸ¤—â—'â—¡'â—ê°™ì´í•´ìš”~ðŸ˜ŠðŸ˜Š
ðŸ€@choiminmoo ðŸ€@eunchan1417
ðŸ€@hi_y0ung2
ðŸ€@inja1553
ðŸ€@16.18.19_mom
ðŸ€@iyunji1531
ðŸ€@eso321k
ðŸ€@kayeoniii
ðŸ€@c3021092
ðŸ€@yj423844"
158,silverzero7128,ì„¸ê³„ìœ ì‚°ë„ì‹œê¸°êµ¬ ë©”íƒ€ë²„ìŠ¤ ì‘ì›í•©ë‹ˆë‹¤ @mineagi00
159,jinsanjinsang,ì„¸ê³„ìœ ì‚°ë„ì‹œê¸°êµ¬ ì„±ê³µì ì¸ ê°œìµœë¥¼ ì‘ì›í•©ë‹ˆë‹¤^^ @jksogo @shyboy_jinnie
160,kettle7794,ì„¸ê³„ìœ ì‚°ë„ì‹œê¸°êµ¬ ë©”íƒ€ë²„ìŠ¤ ì‘ì›í•©ë‹ˆë‹¤. ì•žìœ¼ë¡œ ìž¬ë°ŒëŠ” ì»¨í…ì¸  ë†€ì´ë¡œ ì±„ì›Œì£¼ì„¸ìš” @k3t7le
161,spartakim,ì•„ê¸°ìžê¸°í•˜ê³  ì˜¤ë¬˜í•œ ë©”íƒ€ë²„ìŠ¤ ê³µê°„ìœ¼ë¡œ ì´ˆëŒ€í•©ë‹ˆë‹¤ ðŸ”¥ðŸ‘ ì„¸ê³„ìœ ì‚°ë„ì‹œê¸°êµ¬ ë©”íƒ€ë²„ìŠ¤ë¡œ ë‹¤ë“¤ ë†€ëŸ¬ê°€ìš” ðŸƒðŸƒâ€â™€ï¸ ìž¬ë¯¸ìžˆê²Œ ì†Œí†µí•´ ì£¼ì‹œëŠ” ì„¸ê³„ìœ ì‚°ë„ì‹œê¸°êµ¬ ë©”íƒ€ë²„ìŠ¤ì˜ ë¯¸ëž˜ì— í™˜í•œ ì›ƒìŒì„ ìžì•„ë‚´ëŠ” ë¬´ì§€ê°œë¹› ì„±ìž¥ê°€ë„ê°€ íŽ¼ì³ì§€ê¸¸ ê¸°ì›í•©ë‹ˆë‹¤ ðŸ’œ @banana_9978 @juhui3679 @2bassda @qw245654 @jenny099021 @jungs2723 @heen1005mm
162,dyar3118,ê²½ì£¼ì‹œ OWHC-AP ì„¸ê³„ìœ ì‚°ë„ì‹œê¸°êµ¬ ë©”íƒ€ë²„ìŠ¤ ì˜¤í”ˆì„ ì¶•í•˜ë“œë ¤ìš”ðŸŽŠðŸŽŠðŸŽŠðŸŽŠðŸŽŠðŸŽ¶ðŸŽ¶ðŸŽ¶âœ¨ï¸ @lovesome_v_v_ @ariupgo @ssgs.102 @springday7777
163,ejej1215,@namgyeongyeob @grpark69 @mootaeyoungman @ddangkong154 @yoom_yoom_yoom @peachlike1004 @gree_nmom ì„¸ê³„ìœ ì‚°ë„ì‹œì™€ ì„¸ê³„ìœ ì‚°ë“¤ì„ í•œë²ˆì— ë³¼ìˆ˜ ìžˆëŠ” ë©”íƒ€ë²„ìŠ¤ í•¨ê»˜ë°©ë¬¸í•´ìš”
164,koreakorea1004,ì„œê³„ìœ ì‚°ë„ì‹œê¸°êµ¬ ë©”íƒ€ë²„ìŠ¤ ì‘ì›í•©ë‹ˆë‹¤ ðŸ‘ðŸ‘ðŸ‘ @toctoc0909
165,l_love_you_haha,ì„¸ê³„ìœ ì‚°ë„ì‹œê¸°êµ¬ ë©”íƒ€ë²„ìŠ¤ðŸ‘ðŸ‘ðŸ‘ðŸ‘ @happy_love_1004
166,ddangkong154,"#ì„¸ê³„ìœ ì‚°ë„ì‹œê¸°êµ¬ ë©”íƒ€ë²„ìŠ¤ ì˜¤í”ˆ ì¶•í•˜ë“œë ¤ìš”ðŸ˜ðŸ˜ ë§Žì€ ë¶„ë“¤ì´ ë°©ë¬¸í•´ ì²´í—˜í•˜ê³  ì¦ê¸¸ ìˆ˜ ìžˆë„ë¡ ì†Œë¬¸ë‚¼ê²Œìš”â¤ï¸â¤ï¸ë§Žì€ ì‚¬ëž‘ ë°›ìœ¼ì‹œê¸¸ ë°”ëž„ê²Œìš”~ðŸ¤—ðŸ¤—â—'â—¡'â— ê°™ì´ í•´ìš”~~ðŸ¤—ðŸ¤— ðŸ€@wjwkeh ðŸ€@baesulheee ðŸ€@mi.yuui ðŸ€@goodluckeygirl ðŸ€@umin5187 ðŸ€@jkj861006
ðŸ€@im318604 ðŸ€@jisoo_s2_
ðŸ€@anjel.mom ðŸ€@eunhwahappy"
167,shin369999,"ê²½ì£¼ì‹œ OWHC-APì—ì„œ ì„¸ê³„ìœ ì‚°ë„ì‹œì†¨ ì„¸ê³„ìœ ì‚°ë“¤ì„ í•œëˆˆì— ë³¼ìˆ˜ìžˆëŠ” ë©”íƒ€ë²„ìŠ¤ê³µê°„ ì˜¤í”ˆì„ ì¶•í•˜í•©ë‹ˆë‹¤ðŸŽ‰ðŸŽ‰ðŸŽ‰ ìœ ìš©í•œì •ë³´ ë‹¤ì–‘í•œ ì†Œì‹ë“¤ í•¨ê»˜ í•  ìˆ˜ ìžˆì–´ì„œ ì¢‹ì•„ìš”~ ìœ ìµí•œì†Œì‹ê³¼ ê¾¸ì¤€í•œ ì†Œí†µìœ¼ë¡œ ë§Žì€ì‚¬ëž‘ë°›ì„ìˆ˜ìžˆê¸°ë¥¼ ì‘ì›í•©ë‹ˆë‹¤....ðŸ’“ @minjija1367
@imeunhwa7821
@limja_1117
@hyeran7512__
@sanghun_mo
@iam_2vely
@kimgyojin777
@nymphe_83
@eunok.1216
@leesangchul1978"
168,kim2020130,"â¤ï¸ ì¢‹ì•„ìš”ì™„ë£Œ â¤ï¸
â¤ï¸ ë¦¬ê·¸ëž¨ì™„ë£Œ â¤ï¸
â¤ï¸ íŒ”ë¡œìš°ì™„ë£Œ â¤ï¸
â¤ï¸ ì¹œêµ¬ì†Œí™˜ì™„ë£Œ â¤ï¸
â¤ï¸ #ì„¸ê³„ìœ ì‚°ë„ì‹œê¸°êµ¬ ë©”íƒ€ë²„ìŠ¤ ì˜¤í”ˆ ì¶•í•˜ë“œë¦½ë‹ˆë‹¤ ~ðŸŽ‰ðŸŽ‰ðŸŽ‰ðŸŽ‰ðŸŽ‰ðŸŽ‰ðŸŽ‰ â¤ï¸
â¤ï¸ ì°¸ì—¬ì™„ë£Œ â¤ï¸ ìž…ë‹ˆë‹¤~ðŸ˜ðŸ˜ðŸ˜
â¤ï¸ ë©‹ì§„ì´ë²¤íŠ¸ ë„˜ ê°ì‚¬í•´ìš”~ðŸ’•ðŸ’•ðŸ’• â¤ï¸
â¤ï¸â¤ï¸â¤ï¸#ì„¸ê³„ìœ ì‚°ë„ì‹œê¸°êµ¬ #ì„¸ê³„ìœ ì‚°ë„ì‹œê¸°êµ¬ì•„íƒœì§€ì—­ì‚¬ë¬´ì²˜ â¤ï¸â¤ï¸â¤ï¸
â¤ï¸ ë§Žì€ ë¶„ë“¤ì˜ ê´€ì‹¬ê³¼ ì‚¬ëž‘ì†ì—ì„œ ë‚˜ë‚ ì´ ë²ˆì°½í•˜ì‹œê¸¸ ê¸°ì›í•©ë‹ˆë‹¤ ~ðŸ™ðŸ™ðŸ™ðŸ™ðŸ™ðŸ™ðŸ™ â¤ï¸
â¤ï¸ í•­ìƒ ì‘ì›í• ê»˜ìš” ~ðŸ‘ðŸ»ðŸ‘ðŸ»ðŸ‘ðŸ»ðŸ‘ðŸ»ðŸ‘ðŸ»ðŸ‘ðŸ»ðŸ‘ðŸ» â¤ï¸
â¤ï¸ ì•„ìžì•„ìž í™”ì´íŒ… ìž…ë‹ˆë‹¤ ~ðŸ¤—ðŸ¤—ðŸ¤— â¤ï¸
â¤ï¸ #ì„¸ê³„ìœ ì‚°ë„ì‹œê¸°êµ¬ #ë©”íƒ€ë²„ìŠ¤ì˜¤í”ˆì´ë²¤íŠ¸ #ì†Œë¬¸ë‚´ê¸°ì´ë²¤íŠ¸ #íŒ”ë¡œìš°ì´ë²¤íŠ¸ #ë¦¬ê·¸ëž¨ì´ë²¤íŠ¸ ë„ë¦¬ë„ë¦¬ ì†Œë¬¸ë‚´ì„œ ì•Œë¦¬ê² ìŠµë‹ˆë‹¤~ðŸ”ŠðŸ”ŠðŸ”ŠðŸ”ŠðŸ”ŠðŸ”ŠðŸ”Š â¤ï¸
â¤ï¸ https://www.instagram.com/p/Cldv5BDJczY/?igshid=YmMyMTA2M2Y=â¤ï¸
â¤ï¸ ì¸ì¹œë‹˜ë“¤ ìš°ë¦¬ í•¨ê»˜ í•´ìš” ~ ðŸ‘«ðŸ‘«ðŸ‘«ðŸ‘«ðŸ‘«ðŸ‘«ðŸ‘« â¤ï¸
â¤ï¸ @herostop12 â¤ï¸
â¤ï¸ @9921jung â¤ï¸
â¤ï¸ @komram1004 â¤ï¸
â¤ï¸ @geum0616 â¤ï¸
â¤ï¸ @kimgyojin777 â¤ï¸
â¤ï¸ @y_j_mam â¤ï¸
â¤ï¸ @jihoomom2022 â¤ï¸
â¤ï¸ @k7777777kk â¤ï¸
â¤ï¸ @kim2019412 â¤ï¸
â¤ï¸ @gmlw.jd5330 â¤ï¸"
169,bongbongbong56,ì„¸ê³„ìœ ì‚°ë„ì‹œê¸°êµ¬ ë©”íƒ€ë²„ìŠ¤ë¥¼ ì‘ì›í•©ë‹ˆë‹¤ @123a23aaa @hhhkkk.hhhkkk
170,hongyeongjin88,"#ì„¸ê³„ìœ ì‚°ë„ì‹œê¸°êµ¬ #ë©”íƒ€ë²„ìŠ¤ ì„¸ê³„ìœ ì‚°ë„ì‹œì™€ ì„¸ê³„ìœ ì‚°ë“¤ ë¹¨ë¦¬ë¹¨ë¦¬ë¡œ êµ¬ë¶„ë˜ì–´ ì§€ëŠ” ëŒ€í•œë¯¼êµ­ì˜ í˜„ì‹¤ì— ìž‘ì€ ì‰¼í‘œ í•˜ë‚˜ ì°GO!
ì¹œêµ¬ë“¤ í•¨ê»˜ ê·¸ê²ƒì´ ì£¼ëŠ” ížë§ì„ ê²½í—˜í•˜ê³  ë§êº¼ì˜ˆìš”.^^

@jibogy @jin_hongseob @ddhh518 @eecocoee @jakyung99 @cherish710000 @kji415 @coffee4938"
171,jma09200120,ì„¸ê³„ìœ ì‚°ë„ì‹œê¸°êµ¬ ë©”íƒ€ë²„ìŠ¤ì˜¤í”ˆ ì¶•í•˜í•©ë‹ˆë‹¤ ë‹¤ì–‘í•œì†Œì‹ê¸°ëŒ€í•˜ê³  ë§Žì€ì‚¬ëž‘ë°›ê¸¸ ì‘ì›í•´ìš” @gd.sy_1206
172,kanopus8348,ì„¸ê³„ìœ ì‚°ë„ì‹œê¸°êµ¬ ë©”íƒ€ë²„ìŠ¤ ì˜¤í”ˆ ì¶•í•˜ë“œë¦½ë‹ˆë‹¤ ðŸŽ‰ @knou4361 @beauty31453145 @facegil2 í•¨ê»˜í•´ìš”
173,jsjang1200,ì™€~ðŸ‘ ì„¸ê³„ìœ ì‚°ë„ì‹œê¸°êµ¬ ë©”íƒ€ë²„ìŠ¤ ì˜¤í”ˆì„ ì¶•í•˜í•©ë‹ˆë‹¤. ì•žìœ¼ë¡œ ë§Žì€ ê´€ì‹¬ê³¼ ì‚¬ëž‘ì„ ë°›ìœ¼ì‹œê¸¸ ì‘ì›í•˜ê² ìŠµë‹ˆë‹¤ðŸ’– OWHC-AP íŒ”ë¡œìš°í–ˆì–´ìš” @gilsu607 @sonsj2828 @minij830 @sangsl560 @eungi102
174,kim2020130,"â¤ï¸ ì¢‹ì•„ìš”ì™„ë£Œ â¤ï¸
â¤ï¸ ë¦¬ê·¸ëž¨ì™„ë£Œ â¤ï¸
â¤ï¸ íŒ”ë¡œìš°ì™„ë£Œ â¤ï¸
â¤ï¸ ì¹œêµ¬ì†Œí™˜ì™„ë£Œ â¤ï¸
â¤ï¸ #ì„¸ê³„ìœ ì‚°ë„ì‹œê¸°êµ¬ ë©”íƒ€ë²„ìŠ¤ ì˜¤í”ˆ ì¶•í•˜ë“œë¦½ë‹ˆë‹¤ ~ðŸŽ‰ðŸŽ‰ðŸŽ‰ðŸŽ‰ðŸŽ‰ðŸŽ‰ðŸŽ‰ â¤ï¸
â¤ï¸ ì°¸ì—¬ì™„ë£Œ â¤ï¸ ìž…ë‹ˆë‹¤~ðŸ˜ðŸ˜ðŸ˜
â¤ï¸ ë©‹ì§„ì´ë²¤íŠ¸ ë„˜ ê°ì‚¬í•´ìš”~ðŸ’•ðŸ’•ðŸ’• â¤ï¸
â¤ï¸â¤ï¸â¤ï¸#ì„¸ê³„ìœ ì‚°ë„ì‹œê¸°êµ¬ #ì„¸ê³„ìœ ì‚°ë„ì‹œê¸°êµ¬ì•„íƒœì§€ì—­ì‚¬ë¬´ì²˜ â¤ï¸â¤ï¸â¤ï¸
â¤ï¸ ë§Žì€ ë¶„ë“¤ì˜ ê´€ì‹¬ê³¼ ì‚¬ëž‘ì†ì—ì„œ ë‚˜ë‚ ì´ ë²ˆì°½í•˜ì‹œê¸¸ ê¸°ì›í•©ë‹ˆë‹¤ ~ðŸ™ðŸ™ðŸ™ðŸ™ðŸ™ðŸ™ðŸ™ â¤ï¸
â¤ï¸ í•­ìƒ ì‘ì›í• ê»˜ìš” ~ðŸ‘ðŸ»ðŸ‘ðŸ»ðŸ‘ðŸ»ðŸ‘ðŸ»ðŸ‘ðŸ»ðŸ‘ðŸ»ðŸ‘ðŸ» â¤ï¸
â¤ï¸ ì•„ìžì•„ìž í™”ì´íŒ… ìž…ë‹ˆë‹¤ ~ðŸ¤—ðŸ¤—ðŸ¤— â¤ï¸
â¤ï¸ #ì„¸ê³„ìœ ì‚°ë„ì‹œê¸°êµ¬ #ë©”íƒ€ë²„ìŠ¤ì˜¤í”ˆì´ë²¤íŠ¸ #ì†Œë¬¸ë‚´ê¸°ì´ë²¤íŠ¸ #íŒ”ë¡œìš°ì´ë²¤íŠ¸ #ë¦¬ê·¸ëž¨ì´ë²¤íŠ¸ ë„ë¦¬ë„ë¦¬ ì†Œë¬¸ë‚´ì„œ ì•Œë¦¬ê² ìŠµë‹ˆë‹¤~ðŸ”ŠðŸ”ŠðŸ”ŠðŸ”ŠðŸ”ŠðŸ”ŠðŸ”Š â¤ï¸
â¤ï¸ https://www.instagram.com/p/Cldv5BDJczY/?igshid=YmMyMTA2M2Y=â¤ï¸
â¤ï¸ ì¸ì¹œë‹˜ë“¤ ìš°ë¦¬ í•¨ê»˜ í•´ìš” ~ ðŸ‘«ðŸ‘«ðŸ‘«ðŸ‘«ðŸ‘«ðŸ‘«ðŸ‘« â¤ï¸
â¤ï¸ @ygim8127 â¤ï¸
â¤ï¸ @sun2_midal â¤ï¸
â¤ï¸ @jaeeun3377 â¤ï¸
â¤ï¸ @gmlwjd8685 â¤ï¸
â¤ï¸ @shin369999 â¤ï¸
â¤ï¸ @gimjiseon617 â¤ï¸
â¤ï¸ @jungmis_s â¤ï¸
â¤ï¸ @tms07689 â¤ï¸
â¤ï¸ @min75422 â¤ï¸
â¤ï¸ @minmoo42 â¤ï¸"
175,youu_737,ì„¸ê³„ìœ ì‚°ë„ì‹œì™€ ì„¸ê³„ìœ ì‚°ë“¤ì„ ë§Œë‚˜ë³¼ìˆ˜ìžˆëŠ” ë©”íƒ€ë²„ìŠ¤ ì •ë§ ê¸°ëŒ€ë©ë‹ˆë‹¤! ë©”íƒ€ë²„ìŠ¤ë¥¼ í†µí•´ ë©‹ì§„ ìœ ì‚°ë“¤ì´ ë„ë¦¬ ì•Œë ¤ì§€ê¸°ë¥¼ ë°”ëžë‹ˆë‹¤! ðŸ™‹ @weyonara @doremining @kimjoaaa
176,brighthun___7,"ðŸ’¬
ì‹¬ì¿µ ì„¸ê³„ìœ ì‚°ë„ì‹œê¸°êµ¬ ë©”íƒ€ë²„ìŠ¤ ì‚¬ëž‘ë“¬ë¿ ë°›ìœ¼ì‹œê³  ì­ˆìš°ìš± ì­ˆìš°ìš± í•«í•œ ê°€ìƒê³µê°„ ë§Œë“¤ì–´ ê°€ì„¸ìš©~! í™§íŒ…~!^^
ã„Ÿ( â–”, â–” )ã„
@boraya95
@woo_ri_love"
177,sandy__0305,"#ì„¸ê³„ìœ ì‚°ë„ì‹œê¸°êµ¬ â© ë©”íƒ€ë²„ìŠ¤ì—¬í–‰ìœ¼ë¡œ ì„¸ê³„ìœ ì‚°ë„ì‹œë¥¼ êµ¬ê²½í•˜ë‹¤ë‹ˆ~ í•´ì™¸ì—¬í–‰ë„ í•„ìš”ì—†ê² ì–´ìš” ã…Žã…Ž âœ…íŒ”ë¡œìš°ì™„ë£Œ â˜‘ì¢‹ì•„ìš”ì™„ë£Œ â˜‘ì¹œêµ¬ì†Œí™˜ì™„ë£Œ
ë‹¤ì–‘í•˜ê³  ìœ ìµí•œ ì •ë³´ ìž˜ë³´ê³ ìžˆìŠµë‹ˆë‹¤~
ë”ìš± í° ì‚¬ëž‘ ë°›ìœ¼ì‹œë©° ë²ˆì°½í•˜ì‹œê¸¸ ë°”ëžë‹ˆë‹¤~ðŸ’—ðŸ’™ðŸ’—
@taeng.e.taeng.e @taejin.jeon.18
@leejiyoung1007 @hjd8366 @yunhui_4551 @munbong84 @skdoak77 @gimjiseon617 @priapus1130 @my67759604"
178,itjustafeelin,ì„¸ê³„ìœ ì‚°ë„ì‹œê¸°êµ¬ ë©”íƒ€ë²„ìŠ¤ ì˜¤í”ˆí–ˆëŒ€!! ì„¸ê³„ìœ ì‚°ë“¤ í•œëˆˆì— ë³´ë©´ ë„˜ ìž¬ë°Œê² ë‹¹!! ðŸ˜ @fatum_et_fides @udivininmypoool @kido3312 @iminji583 @ccc._.11 ê°™ì´í•˜ìŸ£ã…Ž ì–˜ë“¤ì•„ ðŸ™Œ
179,hyein8765,ì„¸ê³„ìœ ì‚°ë„ì‹œê¸°êµ¬ ë©”íƒ€ë²„ìŠ¤ ì˜¤í”ˆì„ ì§„ì‹¬ìœ¼ë¡œ ì¶•í•˜í•©ë‹ˆë‹¤. ì €ë„ ë©”íƒ€ë²„ìŠ¤ ì†ìœ¼ë¡œ ì„¸ê³„ìœ ì‚° ë§Œë‚˜ë³´ëŸ¬ ë– ë‚ ëž˜ìš”~â¤ï¸â¤ï¸ @syhlove79 @fbiksy0211 í•¨ê»˜ ì°¸ì—¬í•´ë´ìš”
180,judicious1119,ìžì£¼ ì°¾ì•„ì™€ ë°œë„ìž¥ ðŸ‘£ðŸ‘£ðŸ‘£ ê¾¹ê¾¹ ì°ì–´ë³¼ê»˜ìš”ðŸŽ¶ðŸŽ¶ ìš°ë¦¬ í•¨ê»˜ ê³µê°í•˜ê³  ì†Œí†µí•˜ë©° ëŠ˜ ì›ƒìœ¼ë©° ë§Œë‚˜ëŠ” ì‹œê°„ì„ ê°–ë„ë¡í•´ìš”! ë§Žì€ ì‚¬ëžŒë“¤ì˜ ì¦ê²¨ì°¾ê¸° ê³µê°„ìœ¼ë¡œ #í–‰ë³µë°”ì´ëŸ¬ìŠ¤ #ë¿œë¿œ í”¼ì–´ë‚˜ëŠ” ê³³ìœ¼ë¡œ ë°”ìœ ì¼ìƒì„ ìžŠê³  ìž ì‹œ ì‰¬ì–´ê°ˆ ìˆ˜ ìžˆëŠ” ížë§ê³µê°„ì´ ë˜ì—ˆìŒ ì¢‹ê² ë„¤ìš”. @pulcher9893
181,hyejjongii,â™¥ï¸ì°¸ì—¬/íŒ”ë¡œìš°ì™„ë£Œâ™¥ï¸ ì„¸ê³„ìœ ì‚°ë„ì‹œê¸°êµ¬ ë©”íƒ€ë²„ìŠ¤ ê³µê°„ open ì§„ì‹¬ìœ¼ë¡œ ì¶•í•˜ë“œë ¤ìš”ðŸŽ‰ðŸŽ‰ ì´ ë©‹ì§„ ì†Œì‹ ë„ë¦¬ ê³µìœ í• ê²Œìš”ðŸ™‚ðŸŒˆðŸŒˆ @hyejin9008 @ddangkong154 @punykim @kang45244524 @aebeulri @laon_vip @kkk434678 @boom12345__ @min75422 @333fly__ ì¸ì¹œë‹˜ë“¤ ì†Œì‹ ì „í•´ìš”ðŸ˜šâ¤ï¸ðŸ’›ðŸ’™
182,junchissa,ì„¸ê³„ìœ ì‚°ë„ì‹œê¸°êµ¬ ë©”íƒ€ë²„ìŠ¤ ì‘ì›í•©ë‹ˆë‹¤ ë‹¤ì±„ë¡œìš´ ì»¨í…ì¸ ë“¤ê³¼ ì¦ê¸¸ê±°ë¦¬ë¡œ ìž…ì†Œë¬¸ ë§Žì´ ë‚˜ë©´ ì¢‹ê² ì–´ìš”!! ðŸ˜€ @ywbabo @han_eathan @kji415 @xudxuu
183,nayoung2again,ì„¸ê³„ìœ ì‚°ë„ì‹œê¸°êµ¬ ë©”íƒ€ë²„ìŠ¤ í•­ìƒ ë§Žì€ ì‚¬ëž‘ì´ í•¨ê»˜í•˜ê¸°ë¥¼ ì‘ì›í•©ë‹ˆë‹¤ ðŸ¥° ížˆíž› @gangdangceom @igyeongseon804 @nugugehihi @goodmind77
184,bsia5917da_all,ì •ë§ ì§ì ‘ ê·¸ê³³ì— ìžˆëŠ” ë“¯í•œ ì²´ê°ìœ¼ë¡œ ì„¸ê³„ìœ ì‚°ë„ì‹œë“¤ì„ í•œëˆˆì— ë³¼ ìˆ˜ ìžˆëŠ” ë©”íƒ€ë²„ìŠ¤ê°€ ì˜¤í”ˆí–ˆë‹¤ë„¤. ë‹¤ ê°™ì´ ì „ ì„¸ê³„ì— í©ì–´ì§„ ì„¸ê³„ìœ ì‚°ë“¤ì„ ì§‘ì—ì„œ íŽ¸ì•ˆí•˜ê²Œ ë³´ëŸ¬ ê°€ë³¼ëž˜? @donguri83 @pbbk2020 @originalbinam
185,oyeonjeong2000,ì„¸ê³„ìœ ì‚°ë„ì‹œê¸°êµ¬ ë©”íƒ€ë²„ìŠ¤ ì˜¤í”ˆì„ ì¶•í•˜ë“œë¦½ë‹ˆë‹¤. ^^
186,jangeungyeong35,íŒ”ë¡œìš° ì™„ë£Œ ì¢‹ì•„ìš” ì°¸ì—¬ì™„ë£Œ @hjlim96 @jungmin_al @jeonjeongweon57 @pinkgirl3669 @iam_2vely ì„¸ê³„ìœ ì‚°ë„ì‹œê¸°êµ¬ ë©”íƒ€ë²„ìŠ¤ ì˜¤í”ˆì„ ì¶•í•˜ë“œë¦½ë‹ˆë‹¤.
187,momososo.76,"ì„¸ê³„ìœ ì‚°ë„ì‹œê¸°êµ¬ ë©”íƒ€ë²„ìŠ¤ì‘ì›í•´ìš”
@kivivi577 @guft54_d7 @coffe_m_ia4 @dododo4226"
188,pitapat_berry,ì„¸ê³„ìœ ì‚°ë„ì‹œê¸°êµ¬ ì•„ì‹œì•„íƒœí‰ì–‘ì‚¬ë¬´ì²˜(OWHC-AP)ì—ì„œ ì„¸ê³„ìœ ì‚°ë„ì‹œë¥¼ êµ¬í˜„í•œ ë©”íƒ€ë²„ìŠ¤ ê³µê°„ í•¨ê»˜ êµ¬ê²½í•˜ìž ~~! @wax_xawww
189,forever_if1982,ì„¸ê³„ìœ ì‚°ë„ì‹œê¸°êµ¬ ë©”íƒ€ë²„ìŠ¤ ì˜¤í”ˆì„ ì¶•í•˜í•©ë‹ˆë‹¤! ì„¸ê³„ìœ ì‚°ë„ì‹œëŠ” ë¬¼ë¡  ì„¸ê³„ìœ ì‚°ë“¤ì„ í•œëˆˆì— ë³¼ ìˆ˜ ìžˆì–´ì„œ ì¢‹ì•˜ì–´ìš”~ ìž¬ë¯¸ìžˆê²Œ êµ¬ê²½í•˜ì˜€ë‹µë‹ˆë‹¤! ë§Žì€ ë¶„ë“¤ì˜ ê´€ì‹¬ê³¼ ì‚¬ëž‘ì„ ë“¬ë¿ ë°›ëŠ” ì„¸ê³„ìœ ì‚°ë„ì‹œê¸°êµ¬ ë©”íƒ€ë²„ìŠ¤ ë˜ê¸¸ ì‘ì›í•©ë‹ˆë‹¤! @yoowajin @jamie8311_
190,sungyongshim,ì„¸ê³„ìœ ì‚°ë„ì‹œê¸°êµ¬ ë©”íƒ€ë²„ìŠ¤ ì˜¤í”ˆì„ ì§„ì‹¬ìœ¼ë¡œ ì¶•í•˜ë“œë¦½ë‹ˆë‹¤ðŸ‘ @dandelion_hy @moun_s9 @y_o_u_n_g_0717 @garlicsy0000 @f111282 @jukwangk @kyjkk123
191,kjk841209114,"ì„¸ê³„ìœ ì‚°ë„ì‹œê¸°êµ¬ ë©”íƒ€ë²„ìŠ¤ì˜ ì˜¤í”ˆì„ ì •ë§ ì¶•í•˜ í•©ë‹ˆë‹¤. ì „ ì„¸ê³„ì˜ ì„¸ê³„ìœ ì‚°ë“¤ì„ í•œ ëˆˆì— ë³¼ ìˆ˜ ìžˆìœ¼ë‹ˆ ì •ë§ í¥ë¯¸ì§„ì§„í•  ê²ƒ ê°™ë„¤ìš”^^
@bomk8912 @gimtaeja40 @narivyji @ong_eunjuym @_._yuma_._ia8 @igyuhyeon96 @orgoliu39__._"
192,gongnamol,"ì°¸ì—¬ì™„ë£Œ â¤ï¸
ì•žìœ¼ë¡œë„ ì¢‹ì€í–‰ë³´ ê¸°ëŒ€í•˜ê² ìŠµë‹ˆë‹¤
ë§Žì€ì‚¬ëžŒë“¤ì—ê²Œ í–‰ë³µê³¼ ìœ ìš©í•œ ì •ë³´ë¥¼ ì£¼ëŠ” ì„¸ê³„ìœ ì‚°ë„ì‹œê¸°êµ¬ê°€ ë˜ê¸¸ ë°”ëžë‹ˆë‹¤ í™”ì´íŒ…!

@gimseongyeon5139 @navijong @honing0923 @pudding_story_roy"
193,kimjoaaa,ì„¸ê³„ìœ ì‚°ë„ì‹œì™€ ì„¸ê³„ìœ ì‚°ë“¤ì„ ë§Œë‚˜ë³¼ìˆ˜ìžˆëŠ” ë©”íƒ€ë²„ìŠ¤ ì •ë§ ê¸°ëŒ€ë©ë‹ˆë‹¤! ë©”íƒ€ë²„ìŠ¤ë¥¼ í†µí•´ ë©‹ì§„ ìœ ì‚°ë“¤ì´ ë„ë¦¬ ì•Œë ¤ì§€ê¸°ë¥¼ ë°”ëžë‹ˆë‹¤! @doremining @lovesome0512 @youu_737 ðŸ˜
194,ksb9526,ì„¸ê³„ìœ ì‚°ë„ì‹œê¸°êµ¬ ë©”íƒ€ë²„ìŠ¤ ì‘ì›í•©ë‹ˆë‹¤! @kang.sungbuem @tan.tan1026 @byul9653 @ret_7724 @kabuem
195,banana_9978,"ì„¸ê³„ìœ ì‚°ì— ëŒ€í•´ ê´€ì‹¬ì´ ìžˆëŠ” ëª¨ë“  ë¶„ë“¤ì´ ì¦ê¸¸ ìˆ˜ ìžˆëŠ” ì„¸ê³„ìœ ì‚°ë„ì‹œ ë©”íƒ€ë²„ìŠ¤ í•¨ê»˜ í•´ë´ìš”! ìž¬ë°Œì„ê±¸ìš”? â¤ï¸
@reflect_me.to @spartakim @hyejin_jo_2 @yong8735"
196,simbongsug2,ê²½ì£¼ì‹œ OWHC-AP ì—ì„œ ë©”íƒ€ë²„ìŠ¤ê³µê°„ ì˜¤í”ˆí–ˆì–´ìš” ê°™ì´ ê°€ë´ìš© @zna.kim @lover_k_my @saebom0210
197,lover_k_my,ê²½ì£¼ì‹œ OWHC-AP ì—ì„œ ë©”íƒ€ë²„ìŠ¤ê³µê°„ ì˜¤í”ˆí–ˆì–´ìš”!! ê¶ê¸ˆí•˜ë©´ ê³ ê³ !! @yunmigyeong @zna.kim @simbongsug2
198,shiranuimai2,ì„¸ê³„ìœ ì‚°ë„ì‹œê¸°êµ¬ ë©”íƒ€ë²„ìŠ¤ ì˜¤í”ˆ ì¶•í•˜ë“œë¦½ë‹ˆë‹¤ ì¦ê±°ì›€ ê°€ë“í•œ ê³µê°„ìœ¼ë¡œ ë§Žì€ ë¶„ë“¤ì´ ì¦ê²¨ ì°¾ê¸°ë¥¼ ì‘ì›í• ê²Œìš”!! ðŸ¤— @hhj8759 @liquor_jd @anjeongtaeg52 @ijeongsu408
199,hanabeestar,ì„¸ê³„ìœ ì‚°ë„ì‹œê¸°êµ¬ ë©”íƒ€ë²„ìŠ¤ ì˜¤í”ˆ ë„˜ë„˜ ì¶•í•˜ë“œë ¤ìš” ì•žìœ¼ë¡œ ë§Žì€ ë¶„ë“¤ ì‚¬ëž‘ ë“¬ë¿ ë°›ê¸°ë¥¼ ì‘ì›í•©ë‹ˆë‹¤ ðŸ˜˜ @soyiyu @goodmind77 @minho.088 @bbd27282018
200,k102506289,ì°¸ì—¬ì™„ë£Œ
201,bg_kim2021,ì„¸ê³„ìœ ì‚°ë„ì‹œê¸°êµ¬ ë©”íƒ€ë²„ìŠ¤ ì˜¤í”ˆì„ ì§„ì‹¬ìœ¼ë¡œ ì¶•í•˜ë“œë¦½ë‹ˆë‹¤ ì•žìœ¼ë¡œ ë§Žì€ ë¶„ë“¤ê»˜ ì‚¬ëž‘ë°›ìœ¼ì‹œê¸¸ ê¸°ì›í•©ë‹ˆë‹¤â¤ï¸â¤ï¸ íŒ”ë¡œìš°ì™„ë£Œ â¤ï¸ì°¸ì—¬ì™„ë£Œ ðŸ‘ðŸ‘ðŸ‘ @hypnos0101 @i.m.in22 @somnos0101 @fromin_diary @by_jykim @i.m.inny @rokirokikiki
202,i.m.in22,íŒ”ë¡œìš°ì™„ë£Œ â¤ï¸ì°¸ì—¬ì™„ë£Œ â¤ï¸ ì„¸ê³„ìœ ì‚°ë„ì‹œê¸°êµ¬ ë©”íƒ€ë²„ìŠ¤ ì˜¤í”ˆ ì¶•í•˜ë“œë¦½ë‹ˆë‹¤ðŸ‘ðŸ‘ðŸ‘ ë§Žì€ ë¸ë“¤ê»˜ ì‚¬ëž‘ë°›ìœ¼ì‹œê¸¸ ì‘ì›í• ê²Œìš” ðŸ‘ðŸ‘ðŸ‘ @somnos0101 @hypnos0101 @i.m.inny @fromin_diary @by_jykim @rokirokikiki @bg_kim2021
203,i.m.inny,íŒ”ë¡œìš°ì™„ë£Œ â¤ï¸â¤ï¸â¤ï¸ ì„¸ê³„ìœ ì‚°ë„ì‹œê¸°êµ¬ ë©”íƒ€ë²„ìŠ¤ ì˜¤í”ˆ ì¶•í•˜í•©ë‹ˆë‹¤ðŸ‘ðŸ‘ðŸ‘ ë”ìš± ì„±ìž¥ ë°œì „í•˜ëŠ” ì±„ë„ë˜ì‹œê³  ë©”íƒ€ë²„ìŠ¤ë„ ë§Žì´ ì‚¬ëž‘ë°›ìœ¼ì‹œê¸¸â¤ï¸â¤ï¸ @bg_kim2021 @by_jykim @hypnos0101 @im.in22 @rokirokikiki @somnos0101 @fromin_diary
204,fromin_diary,íŒ”ë¡œìš°ì™„ë£Œ â¤ï¸ì°¸ì—¬ì™„ë£Œ ðŸ‘ðŸ‘ðŸ‘ ì„¸ê³„ìœ ì‚°ë„ì‹œê¸°êµ¬ ë©”íƒ€ë²„ìŠ¤ ì˜¤í”ˆì„ ì¶•í•˜ë“œë¦½ë‹ˆë‹¤. ë§Žì€ ë¶„ë“¤ê»˜ ê´€ì‹¬ë°›ê³  ì‚¬ëž‘ë°›ìœ¼ì‹œê¸¸ ì‘ì›í•©ë‹ˆë‹¤â¤ï¸â¤ï¸ @rokirokikiki @somnos0101 @i.m.inny @by_jykim @bg_kim2021 @i.m.in22 @hypnos0101
205,kimsoohyun9648,ì„¸ê³„ìœ ì‚°ë„ì‹œê¸°êµ¬ ë©”íƒ€ë²„ìŠ¤ ì˜¤í”ˆ ì¶•í•˜ë“œë¦¬ë©° ë” í° ì‚¬ëž‘ë°›ëŠ” ê³µê°„ì´ ë˜ê¸°ë¥¼ ì‘ì›í•©ë‹ˆë‹¤ ðŸ˜ @itaegyeong776 @jeongmigyeong336 @eeeeejeir @jwy2215
206,cathero6025,ì„¸ê³„ìœ ì‚°ë„ì‹œê¸°êµ¬ ë©”íƒ€ë²„ìŠ¤ ì˜¤í”ˆ ì •ë§ ì¶•í•˜ë“œë ¤ìš”â¤ï¸ ë§Žì€ ì‚¬ëžŒë“¤ì´ ìž¬ë°Œê²Œ êµ¬ê²½í•  ìˆ˜ ìžˆëŠ” ì¢‹ì€ ê³µê°„ë˜ê¸¸ ì‘ì›í•©ë‹ˆë‹¤. í•¨ê»˜ íŒ”ë¡œìš°í•˜ê³  ì‘ì›í•´ìš”ðŸ”¥ @hyeri180516 @rout.a2018 @polarsnow93
207,by_jykim,ì„¸ê³„ìœ ì‚°ë„ì‹œê¸°êµ¬ ë©”íƒ€ë²„ìŠ¤ ì˜¤í”ˆì„ ì¶•í•˜í•©ë‹ˆë‹¤â¤ï¸â¤ï¸ ë¯¾ì€ë¶„ë“¤ê»˜ ì‚¬ëž‘ë°›ìœ¼ì‹œê¸¸â¤ï¸â¤ï¸â¤ï¸ íŒ”ë¡œìš°ì™„ë£Œ ðŸ”¥ðŸ”¥ðŸ”¥ @fromin_diary @i.m.inny @by_jykim @i.m.in22 @bg_kim2021 @somnos0101 @hypnos0101
208,hyolalamodui,ì„¸ê³„ìœ ì‚°ë„ì‹œì™€ ì„¸ê³„ìœ ì‚° í•œëˆˆì— ë³¼ ìˆ˜ ìžˆì–´ì„œ ë„ˆë¬´ ì¢‹ì€ê²ƒê°™ì•„ìš” ì˜¤í”ˆ ì¶•í•˜í•©ë‹ˆë‹¤!! @minceol3511 êµ¬ê²½í•˜ëŸ¬ì™€
209,star_god_king,ì„¸ê³„ìœ ì‚°ë„ì‹œê¸°êµ¬ ë©”íƒ€ë²„ìŠ¤ @i_pro_snowball_4444
210,iziziz_iziziz,ì„¸ê³„ìœ ì‚°ë„ì‹œê¸°êµ¬ ë©”íƒ€ë²„ìŠ¤ ë§Žì€ ì‚¬ëž‘ ë°›ê¸¸ ì‘ì›í•©ë‹ˆë‹¤ðŸ˜ @ju3390 @_hohofriend_ @jh_kim2 @g5627b @leeseoa1212 @bszin2 @kkulmis @ask_0202020 @sundaywine12 @lovelychuuuu
211,byunghuncho8,â¤ï¸â¤ï¸â¤ï¸ì„¸ê³„ìœ ì‚°ë„ì‹œê¸°êµ¬ë©”íƒ€ë²„ìŠ¤ì˜¤í”ˆí–ˆì–´ìš”â¤ï¸â¤ï¸â¤ï¸â¤ï¸â¤ï¸â¤ï¸ì†Œë¹„ìžë“¤ì˜ì‚¬ëž‘ê³¼ë¯¿ìŒê³¼ì‹ ë¢°ë“¬ë¿ë°›ìœ¼ì„¸ìš”â¤ï¸â¤ï¸â¤ï¸â¤ï¸ðŸ‘ðŸ‘ðŸ‘ðŸ‘ì½”ë¡œë‚˜ê°€ìž¥ê¸°ê°„ìœ¼ë¡œì‰½ê²Œë§ˆë¬´ë¦¬ë˜ì§€ì•Šê³ ìžˆê³ êµ­ë¯¼ë“¤ê³¼ì†Œìƒê³µì¸ë“¤ë¿ë§Œì•„ë‹ˆë¼ì‚¬ì—…ìž¥ëª¨ë‘ì‚¬ëŠ”ê²Œë„ˆë¬´íž˜ì´ë“œë„¤ìš”ðŸŒ·âš˜ï¸ðŸŒ·âš˜ï¸ðŸŽðŸŽðŸŽðŸŽðŸŽê³ ë‚œì´ì˜¤ë©´ë°˜ë“¯ì´ì¶•ë³µì´ì˜¬ê±°ë¼ë¯¿ìŠµë‹ˆë‹¤ì´ë ‡ê²Œì§€ì¹˜ê³ íž˜ë“¤ë•Œë‚˜ë³´ë‹¤ì£¼ì˜ë¥¼ì‚´íŽ´ë³´ê³ âš˜ï¸ðŸŒ·âš˜ï¸ðŸŒ¹ðŸŒ¹ðŸŒ·âš˜ï¸ðŸŒºðŸŒ»ðŸŒ¼ðŸ‡ðŸˆðŸðŸŽðŸ¥ðŸ«ðŸðŸ“ðŸ…ðŸ«ðŸ…ðŸ¥¥ðŸ§„ðŸ¥¥ðŸ§„ðŸ¥¥íž˜ë“ ì‚¬ëžŒì„ë„ì™€ì£¼ëŠ”ê²Œì§„ì •í•œì‚¶ì˜ì§„ë¦¬ì•„ë‹ê¹Œìš”?ðŸŽ‚ðŸŽ‚ðŸŽ‚ðŸŽ‚ðŸŽ‚ì´ì œëŠ”ë§ˆìŠ¤í¬ì“°ëŠ”ê²ƒë„ì§€ê²¹ê³ ë§Žì´ì§€ì³ê°€ëŠ”ìš°ë¦¬ëŒ€í•œë¯¼êµ­êµ­ë¯¼ë“¤ì—ê²Œíž˜ë‚´ë¼ðŸ¤©ðŸ˜ðŸ¥°ðŸ¤©ðŸ˜ðŸ¥°ðŸ¤©ðŸ˜ðŸ¥°ì™¸ì¹˜ê³ ì‹¶ë„¤ìš”ê°ˆìˆ˜ë¡íž˜ë“¤ì–´ì§€ëŠ”ì‚¶ë¦¼ì‚´ì´.ðŸ’šðŸ’™ðŸ’œðŸ¤ŽðŸ–¤ðŸ’›ðŸ§¡â¤â¤ï¸â€ðŸ©¹â¤ï¸â€ðŸ”¥ì–´ì°Œëê±´ë¹„ê°€ì˜¤ë©´í–‡ë¹›ì´ë¹„ì¹˜ë“¯.ë°¤ì´ì§€ë‚˜ë©´ë‚®ì´ì˜¤ë“¯ì´ë°˜ë“¯ì´ì¢‹ì€ë‚ ì´ì˜¬ê²ƒìž…ë‹ˆë‹¤ðŸŒðŸŒðŸŒðŸŒðŸŒŸðŸŒŸâ­ï¸â­ï¸ðŸŒˆðŸŒˆðŸŒˆðŸŒˆðŸŒˆì´ë ‡ê²Œíž˜ë“ ì‹œê°„ì—ì´ë²¤íŠ¸ë¥¼í•´ì£¼ì‹œëŠ”ë°ì—ê°ì‚¬ë“œë¦¬ë©°ë”ìš±ë”ì†Œë¹„ìžì˜ë¯¿ìŒê³¼ì‚¬ëž‘.ì‹ ë¢°ë¥¼ë°›ëŠ”ê¸°ì—…ì´ë˜ì–´ì£¼ì‹œê¸¸ë°”ëž˜ìš”í™”ì´íŒ….ðŸŽ†ðŸŽ†ðŸŽ†ðŸŽ†ðŸŽ†ðŸŽ„ðŸŽ„ðŸŽƒðŸŽƒðŸŽƒðŸŒðŸŒðŸŒðŸŒðŸŒ@rokmc3650ðŸŒžðŸŒž @dada.7705ðŸŒ›ðŸŒ› @eunchan1417 @happyminjeong77ðŸŒœðŸŒœðŸŒœðŸŒœ @jihyehwang_jamie83ðŸŒ•ðŸŒ•ðŸŒ•ðŸŒ• ðŸŒŸðŸŒŸðŸŒŸðŸŒŸðŸŒŸ@woolove486 @chanwonlovelove â­ï¸â­ï¸
212,som_ment_,@jelly5___ ë©”íƒ€ë²„ìŠ¤ ì˜¤í”ˆ ì§„ì‹¬ìœ¼ë¡œ ì‘ì›í•©ë‹ˆë‹¤ðŸŒ»
213,kwakbk1976,ì„¸ê³„ìœ ì‚°ë„ì‹œê¸°êµ¬ ë©”íƒ€ë²„ìŠ¤ ì˜¤í”ˆì„ ì¶•í•˜ë“œë¦¬ë©° ë§Žì€ ì‚¬ëžŒë“¤ì´ ì„¸ê³„ìœ ì‚°ì„ ë³¼ ê¸°íšŒê°€ ìƒê²¨ ë„ˆë¬´ ì¢‹ìœ¼ë„¤ìš”. ì‘ì›í•˜ê² ìŠµë‹ˆë‹¤. @wangong9518 @nbilb611
214,love_love_1312,#ì„¸ê³„ìœ ì‚°ë„ì‹œê¸°êµ¬ë©”íƒ€ë²„ìŠ¤ ì‘ì›í•©ë‹ˆë‹¤ ðŸ‘ðŸ‘ðŸ‘ @1004wwwe
215,ijinsu8568,ì„¸ê³„ìœ ì‚°ë„ì‹œê¸°êµ¬ ë©”íƒ€ë²„ìŠ¤ ì˜¤í”ˆì„ ì§„ì‹¬ìœ¼ë¡œ ì¶•í•˜ë“œë¦½ë‹ˆë‹¤
216,dbswjdtn81,#ì„¸ê³„ìœ ì‚°ë„ì‹œê¸°êµ¬ ë©”íƒ€ë²„ìŠ¤ ì˜¤í”ˆ ì¶•í•˜ë“œë¦½ë‹ˆë‹¤â¤ï¸ ë§Žì€ë¶„ë“¤ì˜ ê´€ì‹¬ê³¼ ì‚¬ëž‘ê³¼ ì°¸ì—¬ë¡œìŠ¹ìŠ¹ìž¥êµ¬ í•˜ì‹œê¸¸ ì‘ì›í•©ë‹ˆë‹¤
217,joker_6720,ì„¸ê³„ìœ ì‹ ê¸°êµ¬ ë©”íƒ€ë²„ìŠ¤ ì‘ì›í•©ë‹ˆë‹¤ @line_mi624 @bagyeseul165 @parksjsj0909 @jjhun_n @parkso1748 @namja150 @smyangela @d.sinlee @yanguseog8781 @hongsuyeon34 ì¹œêµ¬ë“¤ì—ê²Œ ì¶”ì²œí•˜ê³  ì¢‹ì•„ìš” íŒ”ë¡œìš°ì™„ë£Œ
218,keunokso,ê³µìœ ì™„ë£Œ @Leeyangwoo700
219,slyang100,ì„¸ê²Œìœ ì‚°ë„ì‹œê¸°êµ¬ ë©”íƒ€ë²„ìŠ¤ë¥¼ ì‘ì›í•©ë‹ˆë‹¤.ðŸ˜® @byeonmingwan @mskim3715 @hjkim6424ðŸ˜‚ðŸ˜‚
220,slyang100,ì„¸ê³„ìœ ì‚°ë„ì‹œê¸±
221,eeoh2019,"ë©”íƒ€ë²„ìŠ¤ ì„¸ê³„ì†ì˜ ì„¸ê³„ìœ ì‚°ë„ì‹œê¸°êµ¬ë¥¼ í†µí•´ ì „ ì„¸ê³„ ìœ ì‚°ë“¤ì„ êµ¬ê²½í•  ìˆ˜ ìžˆìœ¼ë‹ˆ ë§Žì€ ë¶„ë“¤ì´ ë°©ë¬¸í•˜ê¸¸ ì‘ì›í• ê²Œìš”!
@rakjunjung"
222,chchch1024,ì„¸ê³„ìœ ì‚°ë„ì‹œê¸°êµ¬ë©”íƒ€ë²„ìŠ¤ì˜¤í”ˆì„ì¶•í•˜í•©ë‹ˆë‹¤â™¥ï¸â™¥ï¸â™¥ï¸â™¥ï¸â™¥ï¸ @luv_ara0323
223,sejeong900,ì„¸ê³„ìœ ì‚°ë„ì‹œê¸°êµ¬ ë©”íƒ€ë²„ìŠ¤ ì‘ì›í•©ë‹ˆë‹¤!!ðŸ–¤ @sozzzzing @firebaek_ @sosome___
224,happyhour26300,"ì„¸ê³„ìœ ì‚°ë„ì‹œê¸°êµ¬ë©”íƒ€ë²„ìŠ¤ ì‘ì›í•´ìš” ã…Žã…Ž íŒŒì´íŒ… ã…Žã…Ž ì‚¬ëž‘í•©ë‹ˆë‹¤!
@ing_seunghyun
@gimminseo5694"
225,khyminsh,ì„¸ê³„ìœ ì‚°ë„ì‹œì™€ ì„¸ê³„ìœ ì‚°ë“¤ì„ í•œëˆˆì— ë³¼ ìˆ˜ ìžˆëŠ” ë©”íƒ€ë²„ìŠ¤ ê³µê°„ ì˜¤í”ˆì„ ì§„ì‹¬ìœ¼ë¡œ ì¶•í•˜ë“œë¦½ë‹ˆë‹¤. ì‘ì›í•©ë‹ˆë‹¤~@jiwoomom7 @lee2580_hy @shmw_000
226,luv_ara0323,ì„¸ê³„ìœ ì‚°ë„ì‹œê¸°êµ¬ ë©”íƒ€ë²„ìŠ¤ê°€ ì˜¤í”ˆí–ˆì–´ìš”!!! ì†Œë¬¸ë‚´ê¸° ì°¸ì—¬í•©ë‹ˆë‹¤â¤ï¸ #íŒ”ë¡œìš°ì™„ë£Œ #ì¢‹ì•„ìš”ì™„ë£Œ #ì°¸ì—¬ì™„ë£Œ í•¨ê»˜í•´ìš” @blossomchohm @jaewonkoara @chchch1024
227,so_hyun91,ì„¸ê³„ìœ ì‚°ë„ì‹œê¸°êµ¬ ë©”íƒ€ë²„ìŠ¤ ì‘ì›í•©ë‹ˆë‹¤ðŸ’œðŸ’œ í™”ì´íŒ…ðŸ˜ðŸ˜ @soojin12288 @eungbin2
228,yongki4903,ì„¸ê³„ìœ ì‚°ë„ì‹œê¸°êµ¬ ë©”íƒ€ë²„ìŠ¤ë¥¼ ì‘ì›í•©ë‹ˆë‹¤!!^^ @gmlakddmfqhek
229,jieun.baek.988,ì„¸ê³„ìœ ì‚°ë„ì‹œê¸°êµ¬ ì•„ì‹œì•„íƒœí‰ì–‘ì‚¬ë¬´ì²˜ì™€ ë©”íƒ€ë²„ìŠ¤ ëª¨ë‘ ì‘ì›í•©ë‹ˆë‹¤
230,hsi_429,ì„¸ê³„ìœ ì‚°ë„ì‹œê¸°êµ¬ ë©”íƒ€ë²„ìŠ¤ ì˜¤í”ˆ ì¶•í•˜í•©ë‹ˆë‹¤ ðŸ˜ ì°¸ì—¬ì™„ë£Œ https://www.instagram.com/p/ClbKQ_SJDds/?igshid=YmMyMTA2M2Y=
231,moel505,"ì„¸ê³„ìœ ì‚°ë„ì‹œê¸°êµ¬ ë©”íƒ€ë²„ìŠ¤ ì˜¤í”ˆì„ ì§„ì‹¬ìœ¼ë¡œ ì¶•í•˜í•©ë‹ˆë‹¤!! ë‹¤ì–‘í•œ ì„¸ê³„ìœ ì‚°ë„ì‹œê¸°êµ¬ë“¤ì„ í•œ ìžë¦¬ì—ì„œ ë§ˆìŒê» ì¦ê¸¸ ìˆ˜ ìžˆì–´ì„œ ì •ë§ ì¢‹ìŠµë‹ˆë‹¤. ì•žìœ¼ë¡œ ë§Žì€ ë¶„ë“¤ì´ í•¨ê»˜í•˜ë©° ë¶ì ë¶ì  ì¸ê¸° ë§Žì€ ì„¸ê³„ìœ ì‚°ë„ì‹œê¸°êµ¬ ë©”íƒ€ë²„ìŠ¤ ë˜ê¸¸ ëœ¨ê²ê²Œ ì‘ì›í•©ë‹ˆë‹¤! ðŸŽµ ðŸŽµ
@petio007 @yunadage @ieunju8067 @jhk8006 @soonsu85 @mtower99
@yunmigyeong63 @kji415"
232,huhuhu__1003,ì„¸ê³„ìœ ì‚°ë„ì‹œê¸°êµ¬ ë©”íƒ€ë²„ìŠ¤ ì•„ê¸°ìžê¸°í•˜ê³  ë§¤ë ¥ì ì´ì˜ˆìš”. ë§Žì€ ì‚¬ëžŒë“¤ì´ ê²½í—˜í•´ë³´ë©´ ì¢‹ê² ìŠµë‹ˆë‹¤!!ðŸ‘ðŸ‘ @daniel_171027 @ggangna2 @ddiddi.486 @erica_nicca @hj100good @luckygoddess_1004 @minjeong3651 @asd2_342 @dosi9560
233,erica_nicca,"ì„¸ê³„ë¬¸í™”ìœ ì‚°ë„ì‹œê¸°êµ¬ ë©”íƒ€ë²„ìŠ¤ ì˜ˆì˜ê²Œ ìž˜ ê¾¸ë©°ë‘¬ì„œ ë³´ëŠ”ë° ëˆˆì´ ì°¸ ì¦ê±°ì› ì–´ìš”~^^
@asd2_342 @aaza221.1 @banjjagbanjjag69 @daniel_171027 @ddiddi.486 @dosi9560 @ggangna2 @hj100good @huhuhu__1003 @jeong_8508"
234,sseoni9043,ì„¸ê³„ìœ ì‚°ë„ì‹œê¸°êµ¬ë©”íƒ€ë²„ìŠ¤ ì˜¤í”ˆì„ ì¶•í•˜í•©ë‹ˆë‹¤ðŸ‘ðŸ‘ðŸ‘ë§Žì´ í™ë³´í• ê²Œìš”#í•¨ê»˜í•´ìš” ì„¸ê³„ìœ ì‚°ë„ì‹œì™€ ì„¸ê³„ìœ ì‚°ë“¤ì„ í•œëˆˆì— ë³¼ìˆ˜ìžˆë„¤ìš”â¤ï¸â¤ï¸â¤ï¸@yeolmaehello @erica_nicca @ddiddi.486 @banjjagbanjjag69 @withyo0523
235,nyong._.510,@yeooooon._.00
236,pearlson5432,ì„¸ê³„ë¬¸í™”ìœ ì‚°ë„ì‹œê¸°êµ¬ ë©”íƒ€ë²„ìŠ¤ ë“¤ì–´ê°€ë³´ìž @galeb5728
237,serenity_lhy32,"ë” í° ë„ì•½ì„ í–¥í•œ íž˜ì°¬ ë°œê±¸ìŒì´ ì˜¤ëž˜ë„ë¡ ì´ì–´ì ¸ ë” ë§Žì€ ì‚¬ëžŒë“¤ì—ê²Œ ê¸°ì¨ ì£¼ê³  ì‚¬ëž‘ ë°›ìœ¼ë¦¬ë¼ í™•ì‹ í•˜ë©´ì„œ íž˜ì°¬ ì‘ì›ì˜ ë°•ìˆ˜ë¥¼ ë³´ëƒ…ë‹ˆë‹¤~ ëŠ˜ ê½ƒê¸¸ ê°€ì¦ˆì•„, ë©‹ì ¸ë¶€ëŸ¬!!!^^
@judicious1119"
238,k2hnara,ì„¸ê³„ìœ ì‚°ë„ì‹œê¸°êµ¬ ë©”íƒ€ë²„ìŠ¤ ì˜¤í”ˆ ì¶•í•˜ë“œë ¤ìš” ë§Žì€ ì‚¬ëžŒë“¤ì˜ ê´€ì‹¬ê³¼ ì‚¬ëž‘ë°›ê¸¸ ì‘ì›í• ê²Œìš” @nogihwan89 @spxls007
239,gimsangin9804,"ì„¸ê³„ìœ ì‚°ë„ì‹œê¸°êµ¬ ë©”íƒ€ë²„ìŠ¤ ì˜¤í”ˆì„ ì •ë§ ì¶•í•˜í•©ë‹ˆë‹¤. ë‹¤ì–‘í•œ ì„¸ê³„ìœ ì‚°ë“¤ì„ ìƒìƒížˆ ì²´í—˜í•  ìˆ˜ ìžˆì–´ ì¢‹ì„ ê²ƒ ê°™ì•„ìš”. ë„ë¦¬ ì•Œë ¤ì ¸ì„œ ì‚¬ëž‘ ë°›ëŠ” ê³µê°„ ë˜ê¸¸ ì‘ì› ê°€ë“ ë“œë ¤ìš”~~ ë„ë¦¬ë„ë¦¬ ì£¼ë³€ì—ë„ í™ë³´ ë§Žì´ í•˜ê² ìŠµë‹ˆë‹¤.ðŸ“¢ðŸ“£ðŸ“¢
@han.miyu @chem2424 @jhkkmtkfkdgo @joeunyeong3449 @hkpin73 @nuskinubuntu @phjoo88 @donggun601"
240,pankis01,ì„¸ê³„ìœ ì‚°ë„ì‹œê¸°êµ¬ ë©”íƒ€ë²„ìŠ¤ê°€ ë§Žì€ ì‚¬ëž‘ì„ ë°›ê³  í¥í•˜ê¸°ë¥¼ ì‘ì›í•©ë‹ˆë‹¤~~ðŸ‘ðŸ‘ ê¸°ëŒ€ë˜ê³  ì˜ë¯¸ìžˆëŠ” ì´ë²¤íŠ¸ ë§Œë“¤ì–´ì£¼ì…”ì„œ ê°ì‚¬í•©ë‹ˆë‹¤ â¤â¤ï¸ #íŒ”ë¡œìš°ì™„ë£Œ #ì¢‹ì•„ìš”ì™„ë£Œ #ì¹œêµ¬ì†Œí™˜ì™„ë£Œ @jungseokyoo @ccojeng @ssseocks
241,daisysun_y,"ì„¸ê³„ìœ ì‚°ë„ì‹œê¸°êµ¬ ë©”íƒ€ë²„ìŠ¤ ì˜¤í”ˆì„ ì§„ì‹¬ìœ¼ë¡œ ì¶•í•˜í•©ë‹ˆë‹¤.
ì–‘í•œ ì „ì„¸ê³„ ì„¸ê³„ìœ ì‚°ë“¤ì„ ì²´í—˜í•˜ëŠ” ì¢‹ì€ ê¸°íšŒ!!! ì‹±í¬ë¡œìœ¨ ëŒ€ë°•!! ì•„ì´ì™€ í•¨ê»˜í•´ë„ ì°¸ ì¢‹ì„ ê²ƒ ê°™ì•„ìš”. ì•žìœ¼ë¡œ ì„¸ê³„ìœ ì‚°ì²´í—˜í•˜ë©´ ì´ê³³ì„ ì†Œê°œí•´ì£¼ê³  ì‹¶ìŠµë‹ˆë‹¤. ë§Žì€ ì‚¬ëž‘ ë°›ê¸¸ ì‘ì›í•©ë‹ˆë‹¤!!!ðŸ§¡ðŸ’›
@jangsohyi8 @ongoles99 @ewnaviga @sskmykhskeh_ @pak.jungsun @gaid70 @joeunyeong3449 ê¾¹ê¾¹ ì €ìž¥~~^^ ì¶”ì²œí•´ìš”â™¡â™¡â™¡"
242,matchbox7942,ëžœì„ ìœ¼ë¡œ ì„¸ê³„ìœ ì‚°ë„ì‹œ ëŒì•„ë‹¤ë‹ˆë©´ì„œ ë‹¤ì–‘í•œ ë¬¸í™”ì˜ íŠ¹ì§• ë¬¼ì”¬ ì²´í—˜í•  ìˆ˜ ìžˆëŠ” ì„¸ê³„ìœ ì‚°ë„ì‹œê¸°êµ¬ ë©”íƒ€ë²„ìŠ¤ ë§Žì€ ë¶„ë“¤ì˜ ì‚¬ëž‘ ë“¬ë¿ ë°›ê¸¸ ì‘ì›í•©ë‹ˆë‹¤. ê·€ì—¬ìš´ ìºë¦­í„°ë¡œ ë½ˆë½ˆë½ˆ~ ë™ë„¤ í•œë°”í€´ ëŒë“¯ì´ êµ¬ê²½í•˜ë©´ ìž¬ë°Œë„¤ìš”. ê·¼ë° í”¼ë¼ë¯¸ë“œëŠ” ì–´ë–»ê²Œ ë“¤ì–´ê°€ë‚˜ìš”~ @gimyuhyeon9631
243,hongmantaeg,#ì„¸ê³„ìœ ì‚°ë„ì‹œê¸°êµ¬ #ë©”íƒ€ë²„ìŠ¤ ì„¸ê³„ìœ ì‚°ë„ì‹œì™€ ì„¸ê³„ìœ ì‚°ë“¤ì„ í•˜ëˆˆì— ë³¼ ìˆ˜ ìžˆëŠ” ë©”íƒ€ë²„ìŠ¤ ì˜¤í”ˆì„ ì¶•í•˜ë“œë¦¬ê³  í•¨ê»˜ í•˜ëŠ” ì´ë²¤íŠ¸ ì¢‹ì•„ìš”&ê³µìœ í•´ì„œ 2022ë…„ì—ë„ ë” ë§Žì€ ì‚¬ëž‘ì„ ë°›ì•„ ëŠ˜ í•­ìƒ ê½ƒê¸¸ë§Œê±¸ì–´ê°€ì‹œê¸¸ ì‘ì›í•˜ê³  í•¨ê»˜ ë™í–‰í•©ë‹ˆë‹¤
244,gjh112,"ì„¸ê³„ìœ ì‚°ë„ì‹œê¸°êµ¬ ë©”íƒ€ë²„ìŠ¤ ì˜¤í”ˆì„ ì¶•í•˜ë“œë¦¬ë©° ì´ì œ ì–¸ì œ ì–´ë””ì„œë¼ë„ ë©”íƒ€ë²„ìŠ¤ë¥¼ í†µí•´ ì¦ê²ê²Œ ì°¾ì•„ê°€ê² ìŠµë‹ˆë‹¤ðŸŽ‰
@peach0242 @jangyeyun658 @breezeay33"
245,angree1234,#owhc_ap ê²½ì£¼ì‹œ OWHC-AP ì„¸ê³„ìœ ì‚°ë„ì‹œì™€ ì„¸ê³„ìœ ì‚° ë©”íƒ€ë²„ìŠ¤ ê³µê°„ ê·¸ëžœë“œ ì˜¤í”ˆì„ ì§„ì‹¬ìœ¼ë¡œ ì¶•í•˜ë“œë¦¬ë©° ê´€ì‹¬ìžˆëŠ” ì„¸ê³„ì¸ìœ¼ë¡œ ë¶€í„° ë§Žì€ ì‚¬ëž‘ê³¼ ì‘ì› ë° ì—´ë ¬í•œ ì§€ì§€ë¥¼ ë°›ê¸°ë¥¼ ê¸°ì›ë“œë¦½ë‹ˆë‹¤. ê²½ì£¼ì‹œ í™”ì´íŒ…! / ì¢‹ì•„ìš” / ê³µìœ ì™„ë£Œ / íŒ”ë¡œìž‰ / @sonsunhyi3 ë‹˜ ì´ˆëŒ€í•´ìš”!
246,jwkim6983,"ê²½ì£¼ì‹œ OWHC-APì—ì„œ
ì„¸ê³„ìœ ì‚°ë„ì‹œì™€ ì„¸ê³„ìœ ì‚°ë“¤ì„
í•œ ëˆˆì— ë³¼ ìˆ˜ ìžˆëŠ” ë©”íƒ€ë²„ìŠ¤ì˜¤í”ˆ ë„ˆë¬´ ì¶•í•˜ë“œë¦½ë‹ˆë‹¤ í™”ì´íŒ…^^ @minyoung446 â¤ï¸"
247,jineb114,"ê²½ì£¼ì‹œ OWHC-APì—ì„œ
ì„¸ê³„ìœ ì‚°ë„ì‹œì™€ ì„¸ê³„ìœ ì‚°ë“¤ì„
í•œ ëˆˆì— ë³¼ ìˆ˜ ìžˆëŠ”
ë©”íƒ€ë²„ìŠ¤ ê³µê°„ ê·¸ëžœë“œì˜¤í”ˆì„ ì¶•í•˜ë“œë¦½ë‹ˆë‹¤ !!! ðŸ˜ @kimjhae0222"
248,jeonghansoo_,ì„¸ê³„ìœ ì‚°ë„ì‹œê°€êµ¬ ë©”íƒ€ë²„ìŠ¤ ê·¸ëžœë“œ ì˜¤í”ˆì„ ì§„ì‹¬ìœ¼ë¡œ ì¶•í•˜ë“œë¦½ë‹ˆë‹¤ ^^ ë§Žì€ ì‚¬ëž‘ ë°›ìœ¼ì‹œê¸¸ ë°”ëž„ê²Œìš”~~ @joyins20 @choiokjun @chzme_901 @yoonizzo8777 ê°™ì´ ì‘ì›í•´ìš” ã…Žã…Ž
249,prettyjh6985,"ì„¸ê³„ìœ ì‚°ë„ì‹œê¸°êµ¬ ë©”íƒ€ë²„ìŠ¤ GRAND OPEN í•˜ì‹¬ì„ ì§„ì‹¬ìœ¼ë¡œ ì¶•í•˜ë“œë¦½ë‹ˆë‹¤ ~
í•¨ê»˜ ì‘ì›í•´ìš” ~
@minyoung9368 @hellokity286 @trash798 @minyouun445 @jineb114 @baeron11111"
250,tokake47,"ì„¸ê³„ìœ ì‚°ë„ì‹œê¸°êµ¬ ë©”íƒ€ë²„ìŠ¤ ë¦‰ ì‘ì›í•©ë‹ˆë‹¤ ì–¸ì œ ì–´ë””ì„œë‚˜ ë”ìš±ë” ë§Žì´ ì†Œí†µí•´ì£¼ì‹œê³ , í•­ìƒ ìµœì„ ì„ ë‹¤í•´ ê·€ë¥¼ ê¸°ìš¸ì—¬ì£¼ì‹œê³ , ì•žìœ¼ë¡œ ë‹¤ì–‘í•˜ê³  ì‹ ì„ í•œ ì •ë³´ì™€ ë”°ëœ»í•˜ê³  ì •ê°ì´ ë„˜ì¹˜ëŠ” ë§Žì€ ì†Œì‹ë“¤ë¡œ ë„˜ì³ë‚˜ì‹œê¸¸ ë°”ëžë‹ˆë‹¤.
@lenowoo @jun_e.ddin_e @byeongryun7184 @lenowio @_lenowood_ @jkk0929"
251,wjh9088,"ì„¸ê³„ìœ ì‚°ë„ì‹œê¸°êµ¬ ë©”íƒ€ë²„ìŠ¤
ì‘ì›í•©ë‹ˆë‹¤ ì•žìœ¼ë¡œë„ ë”ìš± ë§Žì€ ë¶„ë“¤ê»˜ ì¦ê±°ìš´ ì†Œì‹ì„ ì•Œë ¤ì£¼ëŠ” ì´ëŸ° ì¢‹ì€ë‚´ìš©ë„ ì•Œê²Œë˜ê³  ë‹¤ë“¤ ì´ê³³ì—ì„œ ë‹¤ë¥¸ë¶„ë“¤ê³¼ í•¨ê»˜ ë³´ë©´ì„œ ë§Žì´ ì‘ì›í•˜ê³  ì •ë„ ë‚˜ëˆ„ì—ˆìœ¼ë©´ ì¢‹ê² ì–´ìš”.
@kimnoun @hsiu_ang_ @byeongryun7184 @kim_sobba @inno @inmo @lenoe @woowawawa @afek_official_yez @yuch.ih"
252,pepero0303,"ì„¸ê³„ìœ ì‚°ë„ì‹œê¸°êµ¬ ë©”íƒ€ë²„ìŠ¤ ì–¸ì œë‚˜ ì•Œì°¨ê³  ë„ì›€ë˜ëŠ” ì •ë³´ì™€ ì†Œì‹ìœ¼ë¡œ ë§Žì€ ë¶„ë“¤ì—ê²Œ ì¦ê±°ì›€ê³¼ í•¨ê»˜ ížë§ì„ ì£¼ëŠ” ê³µê°„ìœ¼ë¡œ ë§Žì€ ì‚¬ëž‘ ë°›ìœ¼ì‹œê¸¸ ë°”ëž˜ìš” í•­ìƒ í•¨ê»˜í•˜ë©´ì„œ ì‚¬ëž‘ì„ ë“œë¦¬ë©° ì‘ì›í• ê»˜ìš”~
@gregoryhs12 @kaceywoo @byeongryun7184 @lenow @lemo @jkk0929"
253,sos546908,ë©”íƒ€ë²„ìŠ¤ ê³µê°„ OPEN ì¶•í•˜ë“œë ¤ìš”@lkw546907
254,dbflglm,ì„¸ê³„ìœ ì‚°ë„ì‹œê¸°êµ¬ ë©”íƒ€ë²„ìŠ¤ ì˜¤í”ˆ ì§„ì‹¬ìœ¼ë¡œ ì¶•í•˜ë“œë¦¬ë©° ì‘ì›í•©ë‹ˆë‹¤ ^ ^ @sehyi_han
255,taewangja,ì„¸ê³„ìœ ì‚°ë„ì‹œê¸°êµ¬ ë¼ë‹ˆ ì¸ë¥˜ì˜ ê·€ì¤‘í•œ ë¬¸í™”ìœ ì‚° ìƒí™œìœ ì‚° ì´ ë” ë§Žì´ ë°œê²¬ë¼ëŠ” ê±°êµ°íš¨ ðŸ˜ ì™„ì¡´ ì‹¬ìž¥ ì«„ê¹ƒí•´ì§€ëŠ” ìˆœê°„ì´ë„¤íš¨ ðŸ”¥ @_izero_u @alcion01 @madpark666
256,lkw546907,ì„¸ê³„ìœ ì‚°ë„ì‹œê¸°êµ¬ ë©”íƒ€ë²„ìŠ¤ open ì¶•í•˜ë“œë ¤ìš”@sos546908 @woo1639
257,genzzo1,ì„¸ê³„ìœ ì‚°ë„ì‹œê¸°êµ¬ ë©”íƒ€ë²„ìŠ¤ ì´ìš©í•˜ëŠ”ë° ì‹œí–‰ì°©ì˜¤ê°€ ìžˆê¸°ëŠ” í–ˆì§€ë§Œ ìž¬ë°Œê²Œ êµ¬ê²½í•  ìˆ˜ ìžˆì—ˆì–´ìš”
258,ongoles99,"ì„¸ê³„ìœ ì‚°ë„ì‹œê¸°êµ¬ ë©”íƒ€ë²„ìŠ¤ ì˜¤í”ˆ!! ì •ë§ ì¶•í•˜í•©ë‹ˆë‹¤. ë‹¤ì–‘í•œ ì „ì„¸ê³„ ì„¸ê³„ìœ ì‚°ë“¤ì„ í•œìžë¦¬ì—ì„œ! ë„ˆë¬´ ë©‹ì§„ ê²ƒ ê°™ì•„ìš”. ë§Žì€ ë¶„ë“¤ì—ê²Œ ì‚¬ëž‘ ë°›ìœ¼ë©° , í•¨ê»˜í•˜ê¸¸ ~~, í•­ìƒ ì• ì •ê°–ê³  ì§€ì¼œë³´ê³  íž˜ê» ì‘ì›í• ê»˜ìš”.ðŸ’“ðŸ’“ðŸ’“
ðŸ¥ðŸ¥ðŸ¥ @leenk9480 @han.miyu @chasongyeon @ju_hye_jin_ @ysh07230505 @phs2906 @jhkkmtkfkdgo @swms91
í•¨ê»˜í•´ìš” ðŸ™‹â€â™€ï¸ðŸ™‹â€â™€ï¸ðŸ™‹â€â™€ï¸"
259,cooljeluv,#ì„¸ê³„ìœ ì‚°ë„ì‹œê¸°êµ¬ ë©”íƒ„ë²„ìŠ¤ ì˜¤í”ˆ ì¶•í•˜í•˜ê³  ì‘ì›ë“œë ¤ìš” ðŸŽ‰ @bomnaree
260,herome8307,"âœ” ì„¸ê³„ìœ ì‚°ë„ì‹œê¸°êµ¬ ë©”íƒ€ë²„ìŠ¤ì˜ ë©‹ì§„ ëª¨ìŠµ ì‘ì›í•©ë‹ˆë‹¤. ~ðŸ’•
@csk.happy @taewon0097 @amugotoo @johwajeong5 @flyj053 ðŸ˜ƒðŸ˜ƒðŸ˜ƒ"
261,eskim_ep,ì„¸ê³„ ìœ ì‚°ë„ì‹œ ê¸°êµ¬ ë©”íƒ€ë²„ìŠ¤ ì‘ì› @bong3i
262,mismin76,ì„¸ê³„ìœ ì‚°ë„ì‹œ ë©”íƒ€ë²„ìŠ¤ ì˜¤í”ˆì„ ì¶•í•˜ë“œë¦½ë‹ˆë‹¤. ì„¸ê³„ìœ ì‚°ë„ì‹œë³´ëŸ¬ ì–¼ë¥¸ ì‹¤í–‰í•´ì•¼ê² ì–´ìš”. @hong.yoona @yunjae420
263,chanchan102938,"ì„¸ê³„ìœ ì‚°ë„ì‹œê¸°êµ¬ ë©”íƒ€ë²„ìŠ¤ ì˜¤í”ˆ ì†Œì‹ ìž˜ë³´ê³  ì¹œêµ¬ë“¤ì—ê²Œë„ ì•Œë ¤ìš” ^^
@umum7979 @carpediem0104543 @combat7979"
264,munsu42,ì„¸ê³„ ìœ ì‚°ë„ì‹œ ê¸°êµ¬ ë©”íƒ€ë²„ìŠ¤ ì‘ì›í•©ë‹ˆë‹¤
265,cucuattbts_____,ì„¸ê³„ìœ ì‚°ë„ì‹œê¸°êµ¬ ë©”íƒ€ë²„ìŠ¤ ì‘ì›í•©ë‹ˆë‹¤ðŸ’› @chocho94697
266,koutsider_2,ì„¸ê³„ìœ ì‚°ë„ì‹œê¸°êµ¬ ë©”íƒ€ë²„ìŠ¤ ì˜¤í”ˆì„ ì¶•í•˜í•©ë‹ˆë‹¤. @hurt_iii
267,uuuu.__y,#ì„¸ê³„ìœ ì‚°ë„ì‹œê¸°êµ¬ ë©”íƒ€ë²„ìŠ¤ ì˜¤í”ˆì„ ì¶•í•˜í•©ë‹ˆë‹¤ @kar5ratn ðŸ’œðŸ’œ
268,soyoung4040,ë©”íƒ€ë²„ìŠ¤ ê³µê°„ ë„ˆë¬´ ì¢‹ì•„ìš”^^ ì„¸ê³„ìœ ì‚°ë„ì‹œê¸°êµ¬ ì‘ì›í•©ë‹ˆë‹¤â¤ï¸ðŸ™Œ @leostar216
269,bomnaree,#ì„¸ê³„ìœ ì‚°ë„ì‹œê¸°êµ¬ ë©”íƒ€ë²„ìŠ¤ ì˜¤í”ˆ ì¶•í•˜ì¶•í•˜ ì‘ì›ê°€ë“ë“œë¦½ë‹ˆë‹¤ ðŸŽ‰ @cooljeluv @misojjinj
270,jhkkmtkfkdgo,"ì„¸ê³„ìœ ì‚°ë„ì‹œê¸°êµ¬ ë©”íƒ€ë²„ìŠ¤ ì†Œì‹ ì •ë§ ë°˜ê°‘ìŠµë‹ˆë‹¤!!! ì „ ì„¸ê³„ ì„¸ê³„ ìœ ì‚°ì„ í•œ ê³µê°„ ì•ˆì—ì„œ ìƒìƒížˆ ë§Œë‚  ìˆ˜ ìžˆë‹¤ë‹ˆ! ë‘ê·¼ë‘ê·¼ ê¸°ëŒ€ê°€ í´ ìˆ˜ ë°–ì— ì—†ëŠ”ë°ìš”, ë§Žì€ ë¶„ë“¤ì˜ ë°œê±¸ìŒì´ ë¶ì ì´ë©° í° ì‚¬ëž‘ ë°›ëŠ” ê³µê°„ ë˜ê¸¸ ì‘ì›í•©ë‹ˆë‹¤. (â—â€¢á´—â€¢â—)â¤
@lim930725 @daisysun_y @bleu100479 @jeonjunseog3826 @moel505"
271,king_cat_7,#ì„¸ê³„ìœ ì‚°ë„ì‹œê¸°êµ¬ ë©”íƒ€ë²„ìŠ¤ OPEN ì„ ì§„ì‹¬ìœ¼ë¡œ ì¶•í•˜ë“œë ¤ìš”~ðŸŽŠðŸ¥³ðŸŽŠ ì•žìœ¼ë¡œ ë§Žì€ë¶„ë“¤ì˜ ì‚¬ëž‘ê³¼ ê´€ì‹¬ ë“¬ë¿ ë°›ê¸°ë¥¼ ì‘ì›í• ê»˜ìš”~~ðŸ’œ ì¸ì¹œë‹˜ë“¤~!! #ì„¸ê³„ìœ ì‚°ë„ì‹œê¸°êµ¬ ì—ì„œ ì„¸ê³„ìœ ì‚°ë„ì‹œì™€ ì„¸ê³„ìœ ì‚°ë“¤ì„ í•œ ëˆˆì— ë³¼ ìˆ˜ ìžëŠ” ë©”íƒ€ë²„ìŠ¤ ê³µê°„ì„ OPEN í–ˆì–´ìš”~~ðŸ˜ŠðŸ“¢ ìš°ë¦¬ í•¨ê»˜í•´ìš”~ðŸ’œ @scent0721 @dressy4918 @han.yk8008 @h_sin_min_tang @merryhee @bumheemarx @nyang_star_88 @jason_muha @jazz_music_flows @zero.two.seven
272,mooesalta,ì„¸ê³„ìœ ì‚°ë„ì‹œê¸°êµ¬ ë©”íƒ€ë²„ìŠ¤ ì˜¤í”ˆì„ ì¶•í•˜ë“œë¦½ë‹ˆë‹¤!! ë§Žì€ ì‚¬ëžŒë“¤ì´ ì—¬ëŸ¬ ì„¸ê³„ìœ ì‚°ì— ëŒ€í•´ ë”ìš± ë§Žì€ ì •ë³´ë¥¼ ì–»ì„ ìˆ˜ ìžˆëŠ” ê³„ê¸°ê°€ ë˜ê¸¸ ë°”ëžë‹ˆë‹¤ðŸ’œ @saraparkxs @yiseolyoon
273,phlia130,ë§Žì€ ì‚¬ëžŒë“¤ì´ í•¨ê»˜í•˜ëŠ” ì„¸ê³„ìœ ì‚°ë„ì‹œê¸°êµ¬ ë©”íƒ€ë²„ìŠ¤ê°€ ë˜ê¸¸ ì‘ì›í•©ë‹ˆë‹¤ ë©”íƒ€ë²„ìŠ¤ì—ì„œ ì „ ì„¸ê³„ìœ ì‚°ë“¤ì„ í•œëˆˆì— ë³´ìž @uuuu.__y
274,minseo._.p,ë©”íƒ€ë²„ìŠ¤ ì˜¤í”ˆ ì¶•í•˜ë“œë¦½ë‹ˆë‹¤ðŸ‘ðŸ‘ðŸ‘ðŸ‘ ì„¸ê³„ìœ ì‚°ë„ì‹œëž‘ ì„¸ê³„ìœ ì‚°ë“¤ì„ í•œëˆˆì— ë³¼ ìˆ˜ ìžˆë‹¤ë‹ˆ!! ê²½ì£¼ì‹œ OWHC-APì˜ í™œë™ ì‘ì›í•©ë‹ˆë‹¤ @a___te22 @a_ye02 @man_go902 @malang_yl @1004.sv @lovelychuuuu @tsbudae_waegwan @young.2957 @sunny_chiro @jelli_jelly_
275,m.urban.w_24,ì§„ì§œ ë©”íƒ€ë²„ìŠ¤ë¡œ ì„¸ê³„ìœ ì‚°ì„ í•œëˆˆì— ë³´ë‹¤ë‹ˆðŸ›ï¸ðŸº ë©‹ì§„ ê¸°ìˆ ë ¥ì— ê°íƒ„í•©ë‹ˆë‹¹! ðŸ¥¹ @finally_0321 @w.urban.m_24
276,han.yk8008,#owhc_ap íŒ”ë¡œìš°ì™„ë£Œ #ì°¸ì—¬ì™„ë£Œ #ì¢‹ì•„ìš” ðŸ”œ#ì„¸ê³„ìœ ì‚°ë„ì‹œê¸°êµ¬ #ë©”íƒ€ë²„ìŠ¤ ì˜¤í”ˆì„ ì¶•í•˜ë“œë¦¬ë©° ë”ë§Žì€ ì‚¬ëž‘ê³¼ ê´€ì‹¬ì†ì—ì„œ ìŠ¹ìŠ¹ìž¥êµ¬í•˜ì‹œê¸¸ ê¸°ì›í• ê»˜ìš”ã€°ï¸ðŸ™ @nasarang1613 @na_a_aring @king_cat_7 @sky123142 @scent0721 @arar.2865.illus @dressy4918 @dotteria ðŸ’•
277,yeonmi0426,ì„¸ê³„ìœ ì‚°ë„ì‹œê¸°êµ¬ ë©”íƒ€ë²„ìŠ¤ ê³µê°„ ì˜¤í”ˆì„ ì¶•í•˜í•©ë‹ˆë‹¤ðŸŽ‰ðŸŽŠ â£ï¸â£ï¸ @c3021092 @jeongjinbaeg2 @zani7.9 @love__hj486 @believe_in__on_self @imsy8448 @dch1915 @iam_2vely #íŒ”ë¡œìš°ì™„ë£Œ #ì¢‹ì•„ìš”ì™„ë£Œ
278,petio007,"ì„¸ê³„ìœ ì‚°ë„ì‹œê¸°êµ¬ ë©”íƒ€ë²„ìŠ¤!! ë°˜ê°€ì›Œìš”. ë‹¤ì–‘í•œ ì„¸ê³„ìœ ì‚°ë„ì‹œê¸°êµ¬ë“¤ì„ ë©”íƒ€ë²„ìŠ¤ ì„¸ìƒì—ì„œ ë§Œë‚  ìˆ˜ ìžˆë‹¤ë‹ˆ, ìƒìƒížˆ ë‹¤ê°€ê°ˆ ìˆ˜ ìžˆëŠ” ê³µê°„ì´ ìƒê²¨ì„œ ë„ˆë¬´ ì¢‹ìŠµë‹ˆë‹¤. ë§Žì€ ì‚¬ëž‘ ë°›ëŠ” ì„¸ê³„ìœ ì‚°ë„ì‹œê¸°êµ¬ ë©”íƒ€ë²„ìŠ¤ ë˜ê¸¸ ì‘ì›í•©ë‹ˆë‹¤.
í˜¼ìž ì•Œê¸° ì•„ê¹Œì›Œ ë„ë¦¬ ì•Œë¦´ê²Œìš”!
@andendland @jopdzzan @onekue6481 @ongoles99 @ewnaviga ì¶”ì²œí•´ìš”"
279,s1garden,"ì„¸ê³„ìœ ì‚°ë„ì‹œê¸°êµ¬ ë©”íƒ€ë²„ìŠ¤
ë‹¤ì–‘í•˜ê³  ë©‹ì§€ê²Œ ê¾¸ë©°ë†“ìœ¼ì…”ì„œ ê·¸ ìŠ¤ì¼€ì¼ê³¼ ìž¥ê´€ì— ê°íƒ„í–ˆì–´ìš”!
í€´ì¦ˆë„ ì¦ê¸°ê³ , ë‹¤ì–‘í•œ ì§€ì—­ ì‚¬ë¬´ì²˜ì— ëŒ€í•´ì„œë„ ì´ëª¨ì €ëª¨ ì•Œ ìˆ˜ ìžˆëŠ” ì¦ê±°ìš´ ê³µê°„, ì„¸ê³„ìœ ì‚°ë„ì‹œê¸°êµ¬ ë©”íƒ€ë²„ìŠ¤ ðŸ§¡ðŸ§¡ ë§Žì€ ë¶„ë“¤ì˜ ì‚¬ëž‘ ë°›ê¸°ë¥¼ ì‘ì›í•©ë‹ˆë‹¤.â£â£
@moel505 @jangsohyi8 @dream.juju789 @soonsu85 @hyeonmi6787 @jhkmmtkfkdgo í•¨ê»˜ ë†€ëŸ¬ê°€ìž~"
280,skehgksek,ë©”íƒ€ë²„ìŠ¤ ê³µê°„OPEN ì¶•í•˜ë“œë ¤ìš” @choi__gobuja
281,bada4na2,ì„¸ê³„ìœ ì‚°ë„ì‹œê¸°êµ¬ ë©”íƒ€ë²„ìŠ¤ì— ì„¸ê³„ì˜ ë§Žì€ ì‚¬ëžŒë“¤ì´ ì ‘ì†í•´ì„œ ìš°ë¦¬ ê²½ì£¼ì— ëŒ€í•´ ë§Žì´ ì•Œì•„ê°€ê²Œ ë˜ê¸°ë¥¼ ì‘ì›í•´ìš” @take_care_be
282,baehj979090,ì°¸ì—¬ì™„ë£Œ @jeong_m1.k @miyo_523
283,berrymom88,"ì„¸ê³„ìœ ì•ˆë„ì‹œê¸°êµ¬ ë©”íƒ€ë²„ìŠ¤ ì˜¤í”ˆ ì¶”ì¹´ë“œã…•ã„¹ìš”ðŸ™Œâ¤ï¸ ìŠ¤í† ë¦¬ì°¸ì—¬ì™„ë£ŒðŸ«¶ðŸ»ðŸ–¤â™¥ï¸
@josu.88 @lovelysunny88 @seonmogo"
284,haha_me07,ê°™ì´ ì°¸ì—¬í•©ë‹ˆë‹¤! @go_ha_hee â¤ï¸â¤ï¸â¤ï¸â¤ï¸
285,simboyeong56,ê°™ì´ì°¸ì—¬í•˜ìžðŸ˜ @koreabow @lesmorissi
286,sun8654_,ê°™ì´ ì°¸ì—¬í•´ @simboyeong56
287,h_by9904,ì°¸ì—¬í•´ìš”ðŸ˜‚ @sun8654_
288,hyjoyful,ê°™ì´ì°¸ì—¬í•˜ìžðŸ‘ðŸ‘ðŸ‘ #ì°¸ì—¬ì™„ë£Œ @koreabow @lesmorissi @h_by9904
289,hongcha_ro,ê°™ì´ ì°¸ì—¬í•˜ìž¥ðŸ˜‚ #ì°¸ì—¬ì™„ë£Œ @hyonchury @hyjoyful @koreabow
290,mypsychool,ì°¸ì—¬í•©ë‹ˆë‹¤ #ì°¸ì—¬ì™„ë£Œ@hongcha_ro
291,1994_729,ì°¸ì—¬í•´ìš” â¤ï¸ #ì°¸ì—¬ì™„ë£Œ @hongcha_ro @lucky_chu7
292,isap.ngo,ì°¸ì—¬í•©ë‹ˆë‹· @1994_729 @korea_bow
293,gotoomooon,ê°™ì´ì°¸ì—¬í•˜ìž ðŸ”¥ @le_ureka @mypsychool @isap.ngo @like_forky_
294,369siwon,"ì„¸ê³„ìœ ì‚°ë„ì‹œê¸°êµ¬ ë©”íƒ€ë²„ìŠ¤ ì˜¤í”ˆì„ ì§„ì‹¬ìœ¼ë¡œ ì¶•í•˜ë“œë¦½ë‹ˆë‹¤. ðŸŽ‰ðŸŽ‰ëŒ€ë°•ê¸°ì›ìž…ë‹ˆë‹¤ðŸŽ‰ðŸŽ‰í•­ìƒ ì‘ì›í•˜ê² ìŠµë‹ˆë‹¤!
ðŸ”¥ðŸ”¥ì°¸ì—¬ì™„ë£ŒðŸ”¥ðŸ”¥ íŒ”ë¡œìš° ì¢‹ì•„ìš” ì™„ë£Œ @top245"
295,s.ang_min.a_win.a,ì„¸ê³„ìœ ì‚°ë„ì‹œê¸°êµ¬ ë©”íƒ€ë²„ìŠ¤ ì˜¤í”ˆì„ ì¶•í•˜í•©ë‹ˆë‹¤. ì´ ì¹œêµ¬ë“¤ì´ëž‘ ê°™ì´ ë†€ëŸ¬ê°€ê³  ì‹¶ë„¤ìš” ã…‹ã…‹ @peach.vanilla.scent @mym1ndmine
296,minxuan.ck,"@som_e221006 ,ê°™ì´ ë³´ê³  ì°¸ì—¬í•˜ìŸˆðŸ˜"
297,ki019019,"ì„¸ê³„ìœ ì‚°ë„ì‹œê¸°êµ¬ ë©”íƒ€ë²„ìŠ¤ ì˜¤í”ˆì„ ì¶•í•˜í•©ë‹ˆë‹¤~ìš°ë¦¬ ëª¨ë‘ ë§Žì´ ì°¸ê°€í•´ ë´ìš”â¤ï¸â¤ï¸ ì‹¤ê°ë‚˜ëŠ” ë©”íƒ€ë²„ìŠ¤ ì„¸ìƒ êµ¿ì´ì˜ˆìš” â¤ï¸ íŒ”ë¡œìš°, ì¢‹ì•„ìš” ì™„ë£Œ @dahyeon9917 @a_wise_bell  @mi__jeong917 @candy_swimming @jhye_yoon @jeongsangjun50"
298,slyang100,ì„¸ê³„ìœ ì‚°ë„ì‹œê¸°êµ¬ ë©”íƒ€ë²„ìŠ¤ ì˜¤í”ˆì„ ì¶•í•˜í•©ë‹ˆë‹¤.ðŸ˜‚ðŸ˜‚ @byeonmingwanðŸ˜‚ðŸ˜‚
299,deobeulh,"ì„¸ê³„ìœ ì‚°ë„ì‹œê¸°êµ¬ë¥¼ ë©”íƒ€ë²„ìŠ¤ë¡œ íŽ¸í•˜ê²Œ ë°©ë¬¸í•˜ëŠ” ì„¸ìƒ,,, ì¡°íƒ€ ì¡°ì•„ @hyanghajoo"
300,kyungheechae,"ì„¸ê³„ìœ ì‚°ë„ì‹œê¸°êµ¬ ë©”íƒ€ë²„ìŠ¤ë¥¼ ì‘ì›í•©ë‹ˆë‹¤ðŸ™ðŸ™ðŸ™íŒ”ë¡œìš° ì™„ë£ŒðŸ¤—
ì¢‹ì•„ìš” â¤ ê¾¸ìš± ðŸ‘†
ìš°ë¦¬ëª¨ë‘ ì¢‹^~~ì€ ì •ë³´ë¡œ ê³µìœ í•´ìš”ðŸ˜
í‘í˜¸ëž‘ì´ì˜ í•´ 2022 ê±´ê°•í•˜ê³  í–‰ë³µí•˜ê²Œ~~~~!!!!!!!!!!!!
í•œí•´ ë³´ë‚´ë´…ì‹œë‹¤.!!!!!
ðŸ¤—â¤ðŸ¤—â¤ðŸ¤—â¤ðŸ¤—â¤ðŸ¤—â¤ðŸ¤—â¤
@123.dadungmom
@siwoliiii  
@kikikikk0330   
@donyoung0920 
@kyungheechae
@love_love_kej @limjungjun          @lovelove_hayun     @song.kyunghee @eunyoung_118
â¤--ì§€ë‚¨ë§¤í”„ë Œì¦ˆ~~â¤"
